Team ,Division,Name,G,MPG,PPG,APG,ORPG,DRPG,RPG,SPG,BPG,STOCKS,TOV,AST/TOV,FPG,PTS,FGE%,FGM,FGA,FG%,2-PM,2PA,2P%,3-PM,3PA,3P%,3Pr,FTM,FTA,FT%,FTr
Team Final,15U,Rowan Phillips,12,24:09:00,22.9,2.3,0.3,2.9,3.2,1.4,0.2,1.6,1.8,1.28,1.8,275,54.3,89,175,50.9,77,134,57.5,12,41,29.3,0.234,85,109,78,0.623
Drive Nation,15U,Wallace Wright III,11,28:18:00,22.5,3.2,0.8,3,3.8,2.7,0.3,3,3.8,0.84,2.2,248,47.9,91,213,42.7,69,142,48.6,22,71,31,0.333,44,71,62,0.333
Team Thad,15U,Joshua Huggins,12,27:00:00,22.2,1.8,3.4,3.8,7.2,1.4,0.6,2,2,0.90,1.5,267,51.5,102,205,49.8,95,187,50.8,7,18,38.9,0.088,56,82,68.3,0.400
Georgia Stars,15U,aj williams,4,28:58:00,22,1.8,3,4,7,2,1,3,4.5,0.40,1.2,88,50,32,71,45.1,25,50,50,7,21,33.3,0.296,17,22,77.3,0.310
Mac Irvin Fire,15U,Amarion Smith-Holley,11,28:16:00,21.5,2.6,0.6,2.3,2.9,1.5,0,1.5,3.7,0.70,1.4,237,65.2,93,161,57.8,69,110,62.7,24,51,47.1,0.317,27,39,69.2,0.242
AOT,15U,Johnquell Garner,3,23:46,21.3,1,6,6.3,12.3,1.7,2.7,4.4,3,0.33,2.7,64,53.7,22,41,53.7,22,41,53.7,0,0,0,0.000,20,34,58.8,0.829
NY Lightning,15U,Kevin Wheatley Jr.,4,27:24:00,21.2,2,4,5.2,9.2,1.5,0.2,1.7,2.5,0.80,1.5,85,58.3,30,60,50,20,37,54.1,10,23,43.5,0.383,15,19,78.9,0.317
Georgia Stars,15U,AJ Williams,7,30:02:00,21.1,2.1,1.3,6.9,8.1,1.3,0.7,2,3,0.70,0.9,148,44.4,47,126,37.3,29,77,37.7,18,49,36.7,0.389,36,42,85.7,0.333
Meanstreets,15U,L. Lampley,4,25:46:00,20.8,0.8,3,3,6,1.2,0.8,2,2.5,0.32,3,83,62,30,50,60,28,43,65.1,2,7,28.6,0.140,21,40,52.5,0.800
AOT,15U,Bryson Jatta,7,28:11:00,19.9,2.9,3,3.4,6.4,2.9,0.4,3.3,4.3,0.67,1.9,139,40.9,52,132,39.4,48,91,52.7,4,41,9.8,0.311,31,57,54.4,0.432
PSA Cardinals,15U,Colton Hiller,8,26:43:00,19.9,0.8,1.2,2.5,3.8,1.1,0.8,1.9,2.2,0.36,1.6,159,51.3,52,117,44.4,36,63,57.1,16,54,29.6,0.462,39,46,84.8,0.393
Legynds,15U,Rodney Washington,12,26:38:00,19.8,2,1.1,4.2,5.2,1.4,0.2,1.6,3.2,0.63,1.7,237,49.7,84,185,45.4,68,136,50,16,49,32.7,0.265,53,79,67.1,0.427
Howard Pulley,15U,Kevin Wilson Jr.,12,29:21:00,19.8,3.6,0.1,2.8,2.8,1.4,0.1,1.5,2.5,1.44,1.2,238,53.3,77,180,42.8,39,79,49.4,38,101,37.6,0.561,46,57,80.7,0.317
Team Melo,15U,Aaron Avery,11,30:06:00,19.5,1.3,3.5,3.8,7.4,1,3.2,4.2,2.2,0.59,1.6,214,51.6,75,153,49,67,125,53.6,8,28,28.6,0.183,56,84,66.7,0.549
AB Elite,15U,Darren Ford,12,28:27:00,18.8,2.7,1.4,4.4,5.8,1.8,0.1,1.9,3.1,0.87,1.6,225,45.2,71,178,39.9,52,120,43.3,19,58,32.8,0.326,64,80,80,0.449
JL3,15U,Madden Hill,11,30:23:00,18.1,4.8,1.2,4.3,5.5,1,0.3,1.3,3.4,1.41,0.5,199,56.3,78,158,49.4,56,96,58.3,22,62,35.5,0.392,21,27,77.8,0.171
Indy Heat,15U,Dylan Ziegler,8,26:50:00,18,2.9,1.9,4.6,6.5,1.4,0,1.4,3,0.97,1.6,144,46.2,54,132,40.9,40,90,44.4,14,42,33.3,0.318,22,31,71,0.235
All Ohio,15U,Xavier Jones,12,26:05:00,17.6,2.1,1.2,4.8,6.1,1.4,0.6,2,2.1,1.00,2.1,211,46.8,80,185,43.2,67,143,46.9,13,42,31,0.227,38,67,56.7,0.362
Oakland Soldiers,15U,Kingston Montague,11,24:53:00,17.6,2.8,0.5,2.4,2.8,1.7,0.2,1.9,1,2.80,1.4,194,53.2,63,141,44.7,39,77,50.6,24,64,37.5,0.454,44,54,81.5,0.383
Brad Beal Elite,15U,Anthony Spratt Jr,12,28:34:00,17.6,2,2.1,3.3,5.4,0.8,0.6,1.4,1.8,1.11,2.3,211,52.1,74,164,45.1,51,94,54.3,23,70,32.9,0.427,40,57,70.2,0.348
LivOn,15U,William Nelson Jr.,7,27:44:00,17.3,0.7,3.4,7.1,10.6,1,0.9,1.9,2,0.35,1.9,121,43.8,41,105,39,31,73,42.5,10,32,31.2,0.305,29,40,72.5,0.381
Utah Prospects,15U,Troy Kaufusi,11,28:07:00,17.2,4.4,0.8,3.1,3.9,1.8,0.5,2.3,5.1,0.86,2.3,189,48.7,67,158,42.4,47,96,49,20,62,32.3,0.392,35,45,77.8,0.285
Mokan,15U,Joshua Lindsay,12,28:16:00,17.2,2.2,1.3,3.8,5.1,0.9,0.7,1.6,2.7,0.81,2.2,206,54.7,79,172,45.9,49,97,50.5,30,75,40,0.436,18,27,66.7,0.157
Alabama Fusion,15U,DONAVIN OKOTH,11,27:53:00,17.1,2.1,3.5,3.6,7.2,2.5,1.1,3.6,1.8,1.17,2.2,188,55.1,74,137,54,71,128,55.5,3,9,33.3,0.066,37,56,66.1,0.409
AOT,15U,Bryson Jatta,4,31:11:00,16.8,3,1.5,3.5,5,2.8,0.2,3,3.5,0.86,1,67,42.2,25,64,39.1,21,42,50,4,22,18.2,0.344,13,22,59.1,0.344
AB Elite,15U,Trey Edwards,11,29:30:00,16.8,1,0.7,2.3,3,1.2,0.5,1.7,2.2,0.45,1.4,185,57,66,136,48.5,43,68,63.2,23,68,33.8,0.500,30,40,75,0.294
UPLAY,15U,Noah D'Acre,12,24:12:00,16.8,1.6,1.9,3.6,5.5,0.5,0.8,1.3,2.2,0.73,2.4,201,57.6,68,144,47.2,38,67,56.7,30,77,39,0.535,35,43,81.4,0.299
All Ohio,15U,Evan Roddy,8,21:34,16.6,2.6,2.9,2.6,5.5,1.9,0.6,2.5,1.6,1.63,2,133,46.6,46,116,39.7,30,74,40.5,16,42,38.1,0.362,25,36,69.4,0.310
Oakland Soldiers,15U,Shalen Sheppard,11,27:47:00,16.6,3.1,1.9,5.6,7.5,1.2,1.3,2.5,1.4,2.21,1.7,183,57.9,80,146,54.8,71,120,59.2,9,26,34.6,0.178,14,19,73.7,0.130
Meanstreets,15U,Landon Lampley,4,26:20:00,16.5,1.8,2,3.5,5.5,1,0.2,1.2,3,0.60,1.2,66,55.7,23,44,52.3,20,34,58.8,3,10,30,0.227,17,22,77.3,0.500
Boo Williams,15U,Damien Robinson,12,28:24:00,15.9,2.8,0.8,2.9,3.8,3,0.2,3.2,1.3,2.15,2.5,191,50.9,65,159,40.9,33,77,42.9,32,82,39,0.516,29,37,78.4,0.233
Vegas Elite,15U,Aaron McMorran II,11,19:51,15.6,2.5,0.5,1.9,2.4,1.5,0.6,2.1,2.8,0.89,1.9,172,54.4,62,137,45.3,37,68,54.4,25,69,36.2,0.504,23,26,88.5,0.190
Nightrydas,15U,Josiah Brooks,11,29:35:00,15.5,2.7,0.9,4.2,5.1,2.7,0.5,3.2,2.8,0.96,2.3,170,44.6,49,121,40.5,39,81,48.1,10,40,25,0.331,62,88,70.5,0.727
AB Elite,15U,Benjamin Berrouet,11,24:43:00,15.4,1.4,2.7,6.5,9.2,0.5,1.7,2.2,1.1,1.27,2.3,169,61.1,69,117,59,64,102,62.7,5,15,33.3,0.128,26,41,63.4,0.350
Georgia Stars,15U,Jaden McCullough,7,27:29:00,15.3,3.4,1.3,3.9,5.1,2.6,0.9,3.5,2.1,1.62,1.7,107,52.4,35,85,41.2,16,41,39,19,44,43.2,0.518,18,24,75,0.282
Florida Rebels,15U,Jahmir Wallace,8,28:38:00,14.9,3.5,1.4,6.2,7.6,1.4,0.4,1.8,2.9,1.21,2.5,119,48.1,41,108,38,19,52,36.5,22,56,39.3,0.519,15,30,50,0.278
NW Rotary,15U,Tytan McNeal,11,28:11:00,14.8,3.5,2.7,6,8.7,1.5,1.8,3.3,2,1.75,2,163,55.7,66,123,53.7,61,96,63.5,5,27,18.5,0.220,26,41,63.4,0.333
UPLAY,15U,Toluwanimi Badejo,12,26:25:00,14.8,2.5,2.4,3.6,6,2.1,0.8,2.9,3.2,0.78,1.8,177,47.9,61,146,41.8,43,82,52.4,18,64,28.1,0.438,37,51,72.5,0.349
Meanstreets,15U,Braden Pettigrew,8,30:27:00,14.4,3.5,0.2,4,4.2,1.1,0.5,1.6,2,1.75,1.4,115,52,48,100,48,40,70,57.1,8,30,26.7,0.300,11,16,68.8,0.160
NY Rens,15U,Marque Johnson Jr.,12,27:38:00,14.2,1.2,1.3,5.4,6.8,2.5,0.8,3.3,2.8,0.43,2.5,170,40.6,63,159,39.6,60,136,44.1,3,23,13,0.145,41,64,64.1,0.403
Florida Rebels,15U,Branden Sharpe,11,24:29:00,14.2,1.2,3,4,7,0.9,1.3,2.2,2.7,0.44,2.2,156,52,64,124,51.6,63,118,53.4,1,6,16.7,0.048,27,47,57.4,0.379
Vegas Elite,15U,Dashaun Harris,11,21:34,14.2,3.7,1.5,2.6,4.1,1.8,0.3,2.1,1.6,2.31,1.2,156,54.8,57,115,49.6,45,74,60.8,12,41,29.3,0.357,30,52,57.7,0.452
Boo Williams,15U,D Smith,4,27:22:00,14,3.2,0.2,2,2.2,1.8,0,1.8,4.5,0.71,1.8,56,42.6,20,54,37,14,34,41.2,6,20,30,0.370,10,18,55.6,0.333
Nightrydas,15U,Cayden Gaskins,10,29:29:00,14,1.8,2.2,5.9,8.1,1.4,0.2,1.6,3.8,0.47,1.1,140,44.2,57,138,41.3,49,109,45,8,29,27.6,0.210,18,27,66.7,0.196
Team Thad,15U,Braylon Williams,12,29:45:00,14,4,1.6,2.8,4.4,1.4,0,1.4,1,4.00,1.3,168,43.8,58,146,39.7,46,93,49.5,12,53,22.6,0.363,40,47,85.1,0.322
Boo Williams,15U,Baganley Donzo,7,27:09:00,13.9,1,4.6,3,7.6,1,3,4,1,1.00,2.4,97,60,42,70,60,42,70,60,0,0,0,0.000,13,24,54.2,0.343
Team United,15U,Chase Smith,9,21:42,13.9,1.1,2.7,3.9,6.6,2.1,1.2,3.3,1.4,0.79,1.2,125,58.9,56,95,58.9,56,88,63.6,0,7,0,0.074,13,26,50,0.274
NJ Scholars,15U,Shane Jacobs,12,24:04:00,13.9,1.6,0.6,1.8,2.3,1.6,0.3,1.9,2.5,0.64,2,167,59.5,60,132,45.5,23,47,48.9,37,85,43.5,0.644,10,11,90.9,0.083
Jet Academy,15U,Brielen Craft,11,27:39:00,13.8,3.8,0.9,2.3,3.2,1.1,0.2,1.3,3.1,1.23,2.6,152,41.9,55,155,35.5,35,85,41.2,20,70,28.6,0.452,22,27,81.5,0.174
Houston Hoops,15U,Korben Goodwin,11,27:13:00,13.8,0.6,2.9,5.2,8.1,0.8,0.4,1.2,1.6,0.38,1,152,39.4,57,151,37.7,52,124,41.9,5,27,18.5,0.179,33,57,57.9,0.377
Brad Beal Elite,15U,Jordan Mitchell,12,26:07:00,13.8,3.2,2.1,3.1,5.2,1,0.1,1.1,2.7,1.19,1.1,165,51,64,143,44.8,46,84,54.8,18,59,30.5,0.413,19,37,51.4,0.259
Expressions ,15U,Brayden Buckley,12,26:41:00,13.7,3.6,0.9,3.2,4.2,1.7,0.6,2.3,2.7,1.33,1.5,164,61,67,123,54.5,51,84,60.7,16,39,41,0.317,14,20,70,0.163
Jet Academy,15U,Ezra Gelin,11,26:00:00,13.6,3.3,1.3,3.4,4.6,1.8,0.5,2.3,1.6,2.06,2.2,150,56.1,62,114,54.4,58,99,58.6,4,15,26.7,0.132,22,35,62.9,0.307
Team Herro,15U,Tre Moore,12,26:42:00,13.6,2,1.1,3.2,4.3,1.9,0.1,2,2.1,0.95,1.2,163,47.1,64,155,41.3,46,98,46.9,18,57,31.6,0.368,17,33,51.5,0.213
Team United,15U,Micah Gunter,11,22:15,13.5,3.3,1.4,2.2,3.5,2.6,0.3,2.9,1.8,1.83,2.3,149,50.7,63,139,45.3,48,86,55.8,15,53,28.3,0.381,8,12,66.7,0.086
Indy Heat,15U,Dylan Zeigler,4,28:28:00,13.5,4,0.5,1.8,2.2,0.5,0,0.5,2.2,1.82,1.2,54,41.5,19,53,35.8,13,34,38.2,6,19,31.6,0.358,10,13,76.9,0.245
NY Lightning,15U,Stephan Ragoonanansingh,12,26:00:00,13.4,5.3,1.4,2.6,4,2.3,0.5,2.8,3.1,1.71,2.1,161,51.1,65,135,48.1,57,96,59.4,8,39,20.5,0.289,23,34,67.6,0.252
NW Rotary,15U,Steven Sun,11,25:50:00,13.4,2.2,0.9,1.4,2.3,1,0,1,1.3,1.69,0.9,147,66.7,51,99,51.5,21,35,60,30,64,46.9,0.646,15,18,83.3,0.182
City Rocks,15U,Nolyn Proudfoot,12,21:14,13.2,0.7,0.5,1.6,2.1,1.1,0.1,1.2,1.5,0.47,1.8,159,53.8,59,133,44.4,34,60,56.7,25,73,34.2,0.549,16,19,84.2,0.143
Team Why Not,15U,Javez Coleby,7,22:36,13.1,0.4,3.1,3.7,6.9,0.3,1,1.3,1.9,0.21,2.6,92,63,34,54,63,34,54,63,0,0,0,0.000,24,45,53.3,0.833
Houston Hoops,15U,Marcus Epps,7,26:40:00,12.9,2.9,2,2.3,4.3,1.4,0.3,1.7,2.3,1.26,2.1,90,41.8,35,92,38,28,71,39.4,7,21,33.3,0.228,13,15,86.7,0.163
Meanstreets,15U,Ethan Vahl,12,25:51:00,12.9,4.2,1.8,4.7,6.5,1.1,0.4,1.5,3.9,1.08,3,155,50.4,53,128,41.4,30,58,51.7,23,70,32.9,0.547,26,33,78.8,0.258
Mokan,15U,Keaton Murry,12,24:24:00,12.8,2.8,1,2.5,3.5,1.9,0.7,2.6,0.8,3.50,1.7,153,55.4,56,120,46.7,35,57,61.4,21,63,33.3,0.525,20,33,60.6,0.275
AOT,15U,Jaden Johnson,4,26:02:00,12.8,2.5,1,2,3,1.2,0.2,1.4,2.5,1.00,1.2,51,54.7,19,43,44.2,10,23,43.5,9,20,45,0.465,4,6,66.7,0.140
Mac Irvin Fire,15U,Austin Sears,4,16:45,12.8,1.2,0,1.8,1.8,0.5,0.2,0.7,2.2,0.55,1,51,67.7,17,31,54.8,9,15,60,8,16,50,0.516,9,9,100,0.290
Team Final,15U,Carter Smith,12,24:03:00,12.7,2.7,1.6,3.2,4.8,1.9,1,2.9,2.8,0.96,1.9,152,54.5,50,101,49.5,40,77,51.9,10,24,41.7,0.238,42,59,71.2,0.584
JL3,15U,Tyylon Ennis McIntyre,11,23:15,12.7,2.9,1.5,3.2,4.7,1.8,0.5,2.3,1,2.90,2.3,140,60.4,59,111,53.2,43,64,67.2,16,47,34,0.423,6,12,50,0.108
NW Rotary,15U,JJ Crawford,11,26:15:00,12.6,2.4,0.6,0.3,0.9,0.7,0.2,0.9,1.1,2.18,0.7,139,64.2,50,106,47.2,14,27,51.9,36,79,45.6,0.745,3,5,60,0.047
Nightrydas,15U,King McFadden,11,29:40:00,12.5,2.4,2.5,3.2,5.7,2.5,0.6,3.1,2,1.20,1.5,138,54,56,113,49.6,46,79,58.2,10,34,29.4,0.301,16,21,76.2,0.186
Team United,15U,Isaac Smith,11,23:22,12.5,1.7,1.2,3.1,4.3,0.9,0.8,1.7,1.4,1.21,1.5,137,57.8,56,115,48.7,35,52,67.3,21,63,33.3,0.548,4,9,44.4,0.078
AZ Unity,15U,Lleyton Leonard,10,23:12,12.4,2.5,2.2,4.8,7,1.8,0.3,2.1,1.6,1.56,2,124,53.1,51,97,52.6,50,84,59.5,1,13,7.7,0.134,21,35,60,0.361
AZ Unity,15U,Maurice Carter II,11,24:51:00,12.4,2.1,0.5,2.5,3,1.5,0.1,1.6,2.4,0.88,1.3,136,50.5,47,109,43.1,31,75,41.3,16,34,47.1,0.312,26,41,63.4,0.376
Legynds,15U,David Douglas,12,28:49:00,12.3,3.9,0.6,3.2,3.8,2.3,0.7,3,2.2,1.77,2.1,148,46.1,62,142,43.7,55,106,51.9,7,36,19.4,0.254,17,25,68,0.176
AZ Unity,15U,Jakyi Miles,11,27:55:00,12.3,4.2,0.4,3.5,3.9,1.9,0.6,2.5,2.5,1.68,1.1,135,42.6,51,136,37.5,37,83,44.6,14,53,26.4,0.390,19,33,57.6,0.243
Team Final,15U,Logan Chwastyk,12,20:58,12.2,0.3,4.6,5,9.6,1.1,1.9,3,1.2,0.25,2.5,146,50.8,61,122,50,59,115,51.3,2,7,28.6,0.057,22,44,50,0.361
LivOn,15U,Curtis Mcallister,8,25:01:00,12.1,0.8,1,3.6,4.6,2.6,1,3.6,1.4,0.57,2,97,50.7,35,73,47.9,31,50,62,4,23,17.4,0.315,23,29,79.3,0.397
Team CP3,15U,Mason Collins,8,26:36:00,12,3.9,2,4.6,6.6,1.5,0.8,2.3,1.6,2.44,1,96,47.8,42,93,45.2,37,75,49.3,5,18,27.8,0.194,7,14,50,0.151
Team Melo,15U,Landon Sallie,4,20:10,12,1.2,0.2,1.2,1.5,0.2,0,0.2,1.5,0.80,0.8,48,75.8,17,31,54.8,4,5,80,13,26,50,0.839,1,1,100,0.032
Pro Skills,15U,Kayden Primus,7,21:05,11.9,2.1,0.4,2.6,3,0.6,0.6,1.2,3.7,0.57,2.6,83,54.3,30,70,42.9,14,37,37.8,16,33,48.5,0.471,7,8,87.5,0.114
NJ Scholars,15U,Rezon Harris,8,27:38:00,11.8,1.9,0.5,4.5,5,1.8,0.4,2.2,2.5,0.76,1.5,94,42.5,32,107,29.9,5,15,33.3,27,92,29.3,0.860,3,5,60,0.047
Team Herro,15U,Darrius Hawkins Jr,12,28:07:00,11.8,3.7,0.3,2.4,2.8,1.9,0,1.9,2,1.85,2.2,142,42.3,57,150,38,44,93,47.3,13,57,22.8,0.380,15,24,62.5,0.160
NY Lightning,15U,Kevin Wheatlly,8,23:15,11.8,1.4,0.4,4.5,4.9,1.1,0.1,1.2,3.1,0.45,2.4,94,48.6,29,71,40.8,18,38,47.4,11,33,33.3,0.465,25,34,73.5,0.479
Georgia Stars,15U,Peter Julius,7,26:46:00,11.7,0.1,4.4,7.6,12,0.9,2.3,3.2,1.3,0.08,1.9,82,52.2,36,69,52.2,36,69,52.2,0,0,0,0.000,10,20,50,0.290
Boo Williams,15U,Lorenzo Bunch,9,22:01,11.7,1.8,1.4,3.7,5.1,1,0,1,2.4,0.75,2.1,105,45,34,90,37.8,21,46,45.7,13,44,29.5,0.489,24,33,72.7,0.367
Team Why Not,15U,Kainoa Patton,4,27:45:00,11.5,1.8,1.5,1.5,3,0.5,1.8,2.3,3,0.60,1.5,46,36.8,18,53,34,15,38,39.5,3,15,20,0.283,7,11,63.6,0.208
Florida Rebels,15U,Josiah Gillard,11,27:35:00,11.5,4.1,0.4,2.5,2.9,1.5,0.2,1.7,2.5,1.64,2.5,126,46.9,44,112,39.3,27,54,50,17,58,29.3,0.518,21,32,65.6,0.286
PSA Cardinals,15U,Malik Moore,10,25:22:00,11.4,2.4,1.3,2.8,4.1,1.7,0.5,2.2,2.3,1.04,1.7,114,48,43,101,42.6,32,59,54.2,11,42,26.2,0.416,17,37,45.9,0.366
LivOn,15U,Rhys Diley,11,26:00:00,11.3,2.2,1.1,2.4,3.5,1.5,0.2,1.7,1.5,1.47,1.9,124,50,39,95,41.1,22,55,40,17,40,42.5,0.421,29,40,72.5,0.421
Drive Nation,15U,Justin Harper Jr,11,25:43:00,11.2,1.5,1.2,4.4,5.5,2.2,0.5,2.7,1.7,0.88,2.1,123,51.8,42,111,37.8,11,26,42.3,31,85,36.5,0.766,8,11,72.7,0.099
Mokan,15U,Jesiah Buchanan,12,24:09:00,11.2,1.7,2.2,4,6.2,1.1,0.4,1.5,1.5,1.13,2.2,134,60.5,48,81,59.3,46,74,62.2,2,7,28.6,0.086,36,49,73.5,0.605
UPLAY,15U,Nicholas Wuthrich,12,26:15:00,11.2,2.4,0.9,2.1,3,1.1,0.1,1.2,3.2,0.75,1.2,135,46.6,56,131,42.7,46,90,51.1,10,41,24.4,0.313,13,20,65,0.153
Houston Hoops,15U,Marcus Epps,4,27:45:00,11.2,0.8,3.2,4.2,7.5,0.8,0,0.8,2.5,0.32,1.5,45,32.8,18,58,31,16,45,35.6,2,13,15.4,0.224,7,10,70,0.172
Team Thad,15U,Kaharri Coleman,12,23:04,11.1,2.8,1.6,3,4.6,1.8,0.8,2.6,1.9,1.47,2.7,133,50.9,50,109,45.9,39,69,56.5,11,40,27.5,0.367,22,33,66.7,0.303
AOT,15U,Johnquell Garner,3,24:55:00,11,1,2.7,6.3,9,0.7,2,2.7,1.7,0.59,3,33,50,13,26,50,13,25,52,0,1,0,0.038,7,14,50,0.538
NY Rens,15U,William Brunson,4,21:40,11,3.2,1.8,5,6.8,1.8,0.8,2.6,2.8,1.14,1.8,44,44.3,18,44,40.9,15,30,50,3,14,21.4,0.318,5,7,71.4,0.159
Team Why Not,15U,Kainoa Patton,4,21:17,11,2,1.5,0.8,2.2,1,1.5,2.5,1.2,1.67,2.2,44,46.2,17,39,43.6,15,29,51.7,2,10,20,0.256,8,13,61.5,0.333
Mokan,15U,Halbert Jackson,12,23:19,11,2.3,2.8,4.2,7,1.6,0.7,2.3,1.8,1.28,1.7,132,51.9,54,108,50,50,95,52.6,4,13,30.8,0.120,20,30,66.7,0.278
LivOn,15U,William Nelson Jr.,4,26:17:00,11,2.2,1.2,6.5,7.8,0.2,1.5,1.7,2.8,0.79,1.8,44,43.8,20,48,41.7,18,38,47.4,2,10,20,0.208,2,3,66.7,0.063
Florida Rebels,15U,Raymond Lopez III,3,23:26,11,1.3,1.7,2.3,4,1,0.7,1.7,2.7,0.48,2,33,43.2,15,37,40.5,13,29,44.8,2,8,25,0.216,1,3,33.3,0.081
Pro Skills,15U,Sutter Wechsler,11,24:21:00,11,0.4,0.6,1.9,2.5,0.7,0,0.7,3.1,0.13,2.3,121,45.3,40,118,33.9,13,42,31,27,76,35.5,0.644,14,18,77.8,0.153
Expressions ,15U,Braylon Washington,10,20:51,10.9,2,1.3,2.7,4,2.3,0.1,2.4,2.1,0.95,1,109,47.4,40,97,41.2,28,57,49.1,12,40,30,0.412,17,23,73.9,0.237
The Family,15U,Kashawn Gill,11,21:43,10.9,1.6,0.3,2.4,2.6,1.3,0.1,1.4,3.4,0.47,2.1,120,41.2,41,120,34.2,24,60,40,17,60,28.3,0.500,21,30,70,0.250
Team United,15U,Jahriq Sati-Grier,11,22:44,10.8,4.6,0.9,2.7,3.6,3.5,0.1,3.6,2.1,2.19,2.1,119,44.6,43,101,42.6,39,71,54.9,4,30,13.3,0.297,29,44,65.9,0.436
Utah Prospects,15U,Joshua Tolman,11,23:17,10.8,2.4,1.7,5,6.7,1.3,1.7,3,2.6,0.92,3.4,119,52.2,48,92,52.2,48,86,55.8,0,6,0,0.065,23,35,65.7,0.380
Team Takeover,15U,Xavier Skipworth,11,20:49,10.8,2.2,1.5,2.5,3.9,0.6,0,0.6,1.3,1.69,1.1,119,53.6,50,98,51,45,82,54.9,5,16,31.2,0.163,14,21,66.7,0.214
Oakland Soldiers,15U,Justin Kimbrow,7,22:13,10.7,2.4,0.7,1.9,2.6,2,0.1,2.1,2,1.20,1.4,75,43,26,71,36.6,17,40,42.5,9,31,29,0.437,14,21,66.7,0.296
Legynds,15U,Kingston Gould,12,26:00:00,10.7,2.9,0.8,3.2,3.9,1.8,0.2,2,1.4,2.07,1.5,128,54.9,43,91,47.3,29,58,50,14,33,42.4,0.363,28,42,66.7,0.462
AOT,15U,LJ Byrd,6,25:08:00,10.7,0.7,2.8,2.5,5.3,0.8,0.8,1.6,1.5,0.47,2.5,64,39.7,21,63,33.3,13,40,32.5,8,23,34.8,0.365,14,34,41.2,0.540
LivOn,15U,Dreylon Okey,11,21:52,10.6,0.5,2.2,2.8,5,1.1,0.5,1.6,2.1,0.24,2.2,117,52.1,47,94,50,43,77,55.8,4,17,23.5,0.181,19,31,61.3,0.330
Team CP3,15U,Sherod Mccormick,12,27:09:00,10.6,3.6,0.4,2.8,3.2,1.2,0.2,1.4,2.4,1.50,1.5,127,41.3,43,121,35.5,29,69,42,14,52,26.9,0.430,27,44,61.4,0.364
Vegas Elite,15U,Hudson Dannels,11,21:12,10.6,0.8,0.8,4,4.8,0.5,0.5,1,0.8,1.00,1.7,117,55.9,43,101,42.6,16,33,48.5,27,68,39.7,0.673,4,4,100,0.040
Alabama Fusion,15U,Erick Dampier Jr,11,26:33:00,10.5,2.4,4.4,8.4,12.7,1,2.5,3.5,1.9,1.26,2.1,116,57.3,51,89,57.3,51,89,57.3,0,0,0,0.000,14,34,41.2,0.382
Oakland Soldiers,15U,Boss Mhoon,11,25:06:00,10.5,1.6,1.1,3.4,4.5,1.4,1.7,3.1,1.3,1.23,1.7,116,56.7,46,90,51.1,36,63,57.1,10,27,37,0.300,14,20,70,0.222
Team United,15U,Jaleel Smith,11,22:05,10.5,4.1,2.9,2.4,5.3,2.6,0.3,2.9,1.3,3.15,2.4,115,44.8,43,97,44.3,42,77,54.5,1,20,5,0.206,28,40,70,0.412
Mac Irvin Fire,15U,A Sears,4,19:29,10.5,1.8,0.2,1,1.2,1,0,1,3,0.60,1.2,42,43,15,43,34.9,8,20,40,7,23,30.4,0.535,5,8,62.5,0.186
Brad Beal Elite,15U,Miles Simpson,10,27:11:00,10.4,2.4,1.9,4.2,6.1,1.4,0.9,2.3,2,1.20,0.9,104,43.3,40,97,41.2,36,82,43.9,4,15,26.7,0.155,20,40,50,0.412
Team Durant,15U,Brayden Ragland,11,20:25,10.4,0.8,4.5,1.9,6.4,1.1,0.3,1.4,1.5,0.53,1.5,114,55.4,49,92,53.3,45,85,52.9,4,7,57.1,0.076,12,21,57.1,0.228
PG Elite,15U,Martray Bagley,11,25:37:00,10.4,1.1,0.5,2.4,2.9,0.5,0.2,0.7,2.2,0.50,2.3,114,35.1,32,114,28.1,16,53,30.2,16,61,26.2,0.535,34,53,64.2,0.465
Georgia Stars,15U,Culen Browne,11,26:31:00,10.3,2.5,0.5,2.2,2.7,0.9,0.3,1.2,1.4,1.79,1.3,113,54.2,44,96,45.8,28,55,50.9,16,41,39,0.427,9,11,81.8,0.115
NY Rens,15U,Justin Desena,12,28:26:00,10.2,1.4,1.8,2.8,4.6,2.7,0.2,2.9,0.9,1.56,0.9,122,50.5,44,111,39.6,20,47,42.6,24,64,37.5,0.577,10,11,90.9,0.099
Team CP3,15U,Xavier Hall,12,22:27,10.2,0.7,3.2,4.5,7.7,0.4,2.3,2.7,1.1,0.64,1.6,122,63.1,53,84,63.1,53,83,63.9,0,1,0,0.012,16,53,30.2,0.631
Team CP3,15U,Bentley Lusakueno,8,24:21:00,10.2,2.4,2.1,4.4,6.5,1.4,0.8,2.2,2.5,0.96,1.6,82,57.5,35,67,52.2,28,45,62.2,7,22,31.8,0.328,5,9,55.6,0.134
Team Melo,15U,AARON EARLY Jr,11,21:38,10.2,2.4,1.4,2.5,3.9,1.5,0,1.5,1.1,2.18,1.1,112,43.4,46,113,40.7,40,90,44.4,6,23,26.1,0.204,14,20,70,0.177
Indy Heat,15U,Landon Lampley,4,21:42,10,1,2,3.8,5.8,1.5,1,2.5,4.8,0.21,1.8,40,34.4,14,45,31.1,11,33,33.3,3,12,25,0.267,9,17,52.9,0.378
Indy Heat,15U,Max Hopkins,4,17:01,10,0.8,2.5,4.2,6.8,0.8,0.8,1.6,1.2,0.67,1.8,40,71.2,17,26,65.4,14,22,63.6,3,4,75,0.154,3,5,60,0.192
PG Elite,15U,Kainoa Patton,2,21,10,4,2.5,0.5,3,1.5,0,1.5,2,2.00,1.5,20,38.9,7,18,38.9,7,16,43.8,0,2,0,0.111,6,7,85.7,0.389
PG Elite,15U,Houston Rolle,8,20:02,9.9,1.6,1.8,3.5,5.2,1,1.1,2.1,1.8,0.89,1.5,79,59.8,26,51,51,17,34,50,9,17,52.9,0.333,18,26,69.2,0.510
NW Rotary,15U,Owen Eteuati Edwards,11,24:45:00,9.9,4.4,1.6,6.3,7.9,1.3,0.1,1.4,3.3,1.33,2.7,109,50,40,84,47.6,36,71,50.7,4,13,30.8,0.155,25,43,58.1,0.512
Team Melo,15U,Billy Stanfield III,11,24:04:00,9.9,1.6,2.9,4.3,7.2,0.6,0.7,1.3,1.5,1.07,2.2,109,40,42,115,36.5,34,85,40,8,30,26.7,0.261,17,25,68,0.217
Georgia Stars,15U,Jaden McCullough,4,26:53:00,9.8,1.8,0.5,1.5,2,1.2,0.5,1.7,2,0.90,1.8,39,39.7,12,39,30.8,5,15,33.3,7,24,29.2,0.615,8,10,80,0.256
NY Lightning,15U,Infinite Sincere Amen-Ra,12,24:07:00,9.8,2.7,0.8,1.2,1.9,1.3,0.2,1.5,2,1.35,2.2,117,46.5,41,101,40.6,29,63,46,12,38,31.6,0.376,23,30,76.7,0.297
Team Takeover,15U,Braxton Bogard,4,16:23,9.8,0.8,2.8,2.5,5.2,0,1.2,1.2,1.8,0.44,2.2,39,63.5,16,26,61.5,15,24,62.5,1,2,50,0.077,6,8,75,0.308
City Rocks,15U,Semaj Cuyler,12,22:41,9.7,3.4,1.1,2.2,3.2,2,0.7,2.7,3.1,1.10,1.4,116,37.6,42,117,35.9,38,94,40.4,4,23,17.4,0.197,28,32,87.5,0.274
Team Herro,15U,Joseph Kohnen,12,26:41:00,9.7,1.1,0.7,3.5,4.2,1.5,0.7,2.2,2,0.55,0.8,116,40.2,43,132,32.6,23,52,44.2,20,80,25,0.606,10,19,52.6,0.144
Team Takeover,15U,Aaron Bryant,11,14:31,9.7,1.1,1,1.5,2.5,1,0.4,1.4,1,1.10,0.5,107,57,39,86,45.3,19,40,47.5,20,46,43.5,0.535,9,12,75,0.140
Utah Prospects,15U,Dietrich Tuitavuki,11,25:04:00,9.5,2,1.3,3,4.3,1.4,0.2,1.6,1.5,1.33,2.4,105,57.4,40,81,49.4,27,45,60,13,36,36.1,0.444,12,22,54.5,0.272
Team Durant,15U,Braxton Bogard,7,25:23:00,9.4,0.6,2.7,5,7.7,1.1,2.1,3.2,1.4,0.43,2.6,66,41.5,22,53,41.5,22,51,43.1,0,2,0,0.038,22,42,52.4,0.792
Expressions ,15U,Adriel Cantave,8,19:40,9.4,2.4,0.2,1.1,1.4,2.2,0.1,2.3,1.2,2.00,1.5,75,48.5,26,68,38.2,12,29,41.4,14,39,35.9,0.574,9,14,64.3,0.206
Pro Skills,15U,Brian Hopgood Jr,8,20:56,9.4,1,1.9,3.8,5.6,0.4,0.8,1.2,1.2,0.83,2.4,75,50.8,30,62,48.4,27,56,48.2,3,6,50,0.097,12,18,66.7,0.290
Vegas Elite,15U,Terry McKinney III,11,22:24,9.3,2.5,1.7,3.4,5.1,1.3,1.4,2.7,2.7,0.93,2.4,102,50,40,84,47.6,36,69,52.2,4,15,26.7,0.179,18,30,60,0.357
PG Elite,15U,Ayodele Balogun,11,20:14,9.3,0.6,2.4,5.3,7.6,0.3,1.6,1.9,2.2,0.27,2.3,102,58.6,41,70,58.6,41,70,58.6,0,0,0,0.000,20,28,71.4,0.400
NY Lightning,15U,Josu Kabangu,4,16:48,9.2,1.2,3,4.5,7.5,0,1.5,1.5,1,1.20,1.5,37,53.3,16,30,53.3,16,29,55.2,0,1,0,0.033,5,14,35.7,0.467
All Ohio,15U,Aazaad Burton,8,23:14,9.2,2.2,1.5,1.1,2.6,1,0.1,1.1,1.6,1.38,1.8,74,41.7,25,66,37.9,20,50,40,5,16,31.2,0.242,19,27,70.4,0.409
Drive Nation,15U,DeUntrey Parker,8,23:08,9.1,1.4,2,2.5,4.5,1.1,1.5,2.6,1.1,1.27,2,73,47.4,24,58,41.4,17,37,45.9,7,21,33.3,0.362,18,27,66.7,0.466
Team Durant,15U,Terry Brooks,11,25:55:00,9.1,1.6,0.9,2.3,3.2,2,0.1,2.1,2.2,0.73,1,100,41.5,39,112,34.8,24,56,42.9,15,56,26.8,0.500,7,12,58.3,0.107
PSA Cardinals,15U,Payton Wilson,12,24:21:00,9.1,1.1,3.3,6.2,9.5,1,0.5,1.5,2.2,0.50,1.8,109,45.8,42,95,44.2,39,81,48.1,3,14,21.4,0.147,22,34,64.7,0.358
Indy Heat,15U,Le'Shawn Hill,12,20:10,9.1,2,0.9,0.8,1.8,1.2,0.2,1.4,2.2,0.91,2.2,109,45.9,43,109,39.4,29,58,50,14,51,27.5,0.468,9,17,52.9,0.156
NW Rotary,15U,Jordan Mize,11,19:36,9,2,0.5,2.1,2.6,1.3,0.9,2.2,1.7,1.18,1.9,99,51.8,37,85,43.5,23,51,45.1,14,34,41.2,0.400,11,25,44,0.294
All Ohio,15U,Cam Johnson,2,17:39,9,1,0.5,0.5,1,1,0,1,0.5,2.00,1.5,18,60,8,15,53.3,6,11,54.5,2,4,50,0.267,0,2,0,0.133
Mac Irvin Fire,15U,Qune'tavious Fly,1,23:09,9,2,1,2,3,0,0,0,0,#DIV/0!,0,9,58.3,3,6,50,2,4,50,1,2,50,0.333,2,2,100,0.333
Alabama Fusion,15U,Kaden Irwin,7,23:30,8.9,1.3,1.7,4.7,6.4,1.1,0.4,1.5,3.4,0.38,2.3,62,30.6,22,85,25.9,14,53,26.4,8,32,25,0.376,10,16,62.5,0.188
Nightrydas,15U,Jahmai Henry,6,22:47,8.8,0.7,2,2,4,2.2,0.8,3,1,0.70,2.3,53,48.8,17,42,40.5,10,25,40,7,17,41.2,0.405,12,22,54.5,0.524
Pro Skills,15U,Dylan Steffe,11,26:09:00,8.8,5.6,1.1,2.6,3.7,2.4,0.4,2.8,3.9,1.44,1.7,97,36.7,39,113,34.5,34,75,45.3,5,38,13.2,0.336,14,23,60.9,0.204
City Rocks,15U,Alvin-Anthony Walters III,12,18:35,8.8,1.8,0.7,1.9,2.6,1.6,0.2,1.8,1.6,1.13,2.3,105,61,39,73,53.4,28,48,58.3,11,25,44,0.342,16,21,76.2,0.288
Team Herro,15U,Kinston Knueppel,5,23:11,8.8,1.4,2.8,4.2,7,1.2,0.4,1.6,1,1.40,2.4,44,51.3,16,39,41,8,18,44.4,8,21,38.1,0.538,4,5,80,0.128
Meanstreets,15U,Braydon Porter,12,23:36,8.8,2.5,1.2,4.2,5.5,0.7,0.6,1.3,2.3,1.09,1.6,105,52.6,36,77,46.8,27,60,45,9,17,52.9,0.221,24,33,72.7,0.429
The Family,15U,Andre Cast Jr.,11,19:35,8.8,2.9,0.3,0.7,1,0.8,0.1,0.9,2.6,1.12,1.4,97,44.4,35,99,35.4,17,54,31.5,18,45,40,0.455,9,11,81.8,0.111
Howard Pulley,15U,Willie Wright jr,12,23:28,8.8,1.4,0.3,1.4,1.8,0.7,0.2,0.9,1.8,0.78,1.1,106,45.3,37,107,34.6,14,36,38.9,23,71,32.4,0.664,9,14,64.3,0.131
AOT,15U,Jaden Johnson,7,23:37,8.7,3.1,0.6,1.3,1.9,1.9,0.1,2,2.9,1.07,1.1,61,38.5,20,61,32.8,13,35,37.1,7,26,26.9,0.426,14,22,63.6,0.361
Team Thad,15U,Chacho Womack,12,17:40,8.7,1.1,0.2,1.2,1.4,0.5,0,0.5,0.8,1.38,1.3,104,54.3,39,92,42.4,17,36,47.2,22,56,39.3,0.609,4,8,50,0.087
Expressions ,15U,Yann Kamagate,11,18:32,8.6,0.2,4.7,5.2,9.9,0.9,2.1,3,1.7,0.12,2.5,95,48.1,38,79,48.1,38,74,51.4,0,5,0,0.063,19,32,59.4,0.405
Team Why Not,15U,Austin Kirksey,11,24:28:00,8.6,2.2,1.1,2.4,3.5,1.5,0.5,2,2.9,0.76,1.6,95,35.7,34,112,30.4,22,63,34.9,12,49,24.5,0.438,15,29,51.7,0.259
NY Lightning,15U,Robert Hall,12,19:50,8.6,0.8,2.1,3.5,5.6,1.3,0.7,2,1.1,0.73,1.4,103,67.4,46,69,66.7,45,66,68.2,1,3,33.3,0.043,10,17,58.8,0.246
Houston Hoops,15U,Jordan Goffney,11,30:02:00,8.6,3.3,0.5,2.4,2.9,0.9,0.1,1,2.8,1.18,0.5,95,40.3,30,93,32.3,15,34,44.1,15,59,25.4,0.634,20,22,90.9,0.237
UPLAY,15U,Settimo Yugu,11,19:21,8.5,1.3,3.4,3.9,7.3,0.9,1.8,2.7,0.6,2.17,2.2,93,56.1,36,66,54.5,34,54,63,2,12,16.7,0.182,19,25,76,0.379
NJ Scholars,15U,Rezon Harris Jr.,4,26:47:00,8.5,2.5,0.8,5,5.8,0.5,1.8,2.3,1,2.50,1.8,34,44.7,13,38,34.2,5,11,45.5,8,27,29.6,0.711,0,0,0,0.000
Team Melo,15U,Chauncey Word,11,23:19,8.5,3.2,0.5,1.3,1.7,1.8,0.5,2.3,1.7,1.88,1.1,94,46.2,33,78,42.3,27,56,48.2,6,22,27.3,0.282,22,37,59.5,0.474
Georgia Stars,15U,LJ Williams,4,23:18,8.5,0.8,4,4.5,8.5,1.2,1,2.2,1.2,0.67,1.8,34,51.8,14,28,50,13,19,68.4,1,9,11.1,0.321,5,6,83.3,0.214
NJ Scholars,15U,Ahmad Cook,4,19:34,8.5,1,2.8,2.8,5.5,0.2,2,2.2,1.8,0.56,2.2,34,48.4,15,31,48.4,15,31,48.4,0,0,0,0.000,4,6,66.7,0.194
City Rocks,15U,Jahmez Reaves,12,18:05,8.5,2,1.4,3.8,5.2,1.1,0.2,1.3,1.6,1.25,1.9,102,41.5,33,88,37.5,26,63,41.3,7,25,28,0.284,29,43,67.4,0.489
Jet Academy,15U,Shane Goines,11,15:39,8.5,0.6,0.4,0.9,1.3,1,0.1,1.1,1.2,0.50,1.1,94,53.4,30,74,40.5,11,27,40.7,19,47,40.4,0.635,15,20,75,0.270
Florida Rebels,15U,Jordan Smith,10,16:24,8.5,0.3,0.4,3.3,3.7,0.2,0.7,0.9,0.9,0.33,1.4,85,59.1,31,66,47,15,25,60,16,41,39,0.621,7,10,70,0.152
Utah Prospects,15U,Owen Barney,11,26:07:00,8.5,0.8,0.3,1.5,1.8,0.2,0,0.2,0.8,1.00,2.5,94,47.2,33,90,36.7,14,24,58.3,19,66,28.8,0.733,9,13,69.2,0.144
AOT,15U,Johnquell Garner,4,21:39,8.5,0.5,1.5,2.2,3.8,0,0,0,1.8,0.28,2.2,34,33.3,12,36,33.3,12,32,37.5,0,4,0,0.111,10,19,52.6,0.528
Legynds,15U,Kadon Gaines,11,14:50,8.4,0.5,1.5,1.9,3.5,0.9,0.5,1.4,0.9,0.56,2,92,49.4,32,83,38.6,14,33,42.4,18,50,36,0.602,10,14,71.4,0.169
Indy Heat,15U,Chandon Gilbert,8,17:17,8.4,0.5,1.1,2.4,3.5,1.1,0.2,1.3,1.5,0.33,0.9,67,43.2,23,59,39,18,33,54.5,5,26,19.2,0.441,16,19,84.2,0.322
Team Takeover,15U,Dave Mbuyamba,11,17:56,8.4,1.5,2.5,3,5.5,0.5,0.7,1.2,1.1,1.36,0.6,92,57.9,40,70,57.1,39,67,58.2,1,3,33.3,0.043,11,22,50,0.314
AB Elite,15U,Cohen LaCore,12,30:43:00,8.4,6.1,0.6,3.7,4.2,0.7,0.3,1,3.1,1.97,1.8,101,39.4,31,90,34.4,22,43,51.2,9,47,19.1,0.522,30,33,90.9,0.367
Boo Williams,15U,Isaiah Whitsett,12,23:04,8.4,1.8,1.3,1.7,3,0.7,0.1,0.8,1.3,1.38,2,101,33,34,115,29.6,26,65,40,8,50,16,0.435,25,41,61,0.357
PG Elite,15U,Demetrius Hunter Jr,11,24:45:00,8.3,4.7,0.4,3.2,3.5,2.3,0.1,2.4,3.1,1.52,2,91,36,27,93,29,14,48,29.2,13,45,28.9,0.484,24,29,82.8,0.312
The Family,15U,Julian Edison,11,17:06,8.3,1.4,0.7,1.6,2.4,0.5,0,0.5,1.1,1.27,1.4,91,52.2,29,69,42,15,33,45.5,14,36,38.9,0.522,19,22,86.4,0.319
Team Why Not,15U,Karter Butler,8,19:44,8.2,2.6,0.9,2.9,3.8,1.2,0.2,1.4,3.9,0.67,1.4,66,42.9,24,63,38.1,18,44,40.9,6,19,31.6,0.302,12,18,66.7,0.286
Mac Irvin Fire,15U,Terrence Davis jr,11,21:40,8.1,2,2.8,2.7,5.5,1.7,0.8,2.5,2.3,0.87,1.5,89,43.3,36,89,40.4,31,80,38.8,5,9,55.6,0.101,12,26,46.2,0.292
Team CP3,15U,Rodrick Davis,12,20:37,8.1,1.2,2.2,4.8,7.1,0.8,1.3,2.1,1.4,0.86,1.8,97,46.2,36,79,45.6,35,67,52.2,1,12,8.3,0.152,24,46,52.2,0.582
Brad Beal Elite,15U,James Humphreys,12,22:02,8,2.3,3.1,4.2,7.2,1.1,2.1,3.2,1.3,1.77,3,96,56,40,75,53.3,36,65,55.4,4,10,40,0.133,12,22,54.5,0.293
Brad Beal Elite,15U,Carter Coleman,12,24:08:00,8,1.8,1.8,3,4.8,0.7,1,1.7,1.2,1.50,2.2,96,43.5,37,92,40.2,31,58,53.4,6,34,17.6,0.370,16,21,76.2,0.228
PG Elite,15U,Raymond Lopez,4,23:07,8,0.5,2.5,3.8,6.2,0.2,0.8,1,1.2,0.42,2,32,29.5,11,39,28.2,10,33,30.3,1,6,16.7,0.154,9,13,69.2,0.333
Team Durant,15U,Jaiden Hunter,4,20:41,8,0,1.8,6,7.8,0.5,0,0.5,0.5,0.00,1.5,32,36.2,10,29,34.5,9,23,39.1,1,6,16.7,0.207,11,13,84.6,0.448
Georgia Stars,15U,Peter Julius,4,20:41,7.8,0.5,4,4,8,0.5,2,2.5,1,0.50,2,31,50,10,20,50,10,20,50,0,0,0,0.000,11,12,91.7,0.600
Meanstreets,15U,Grant Smith,12,19:59,7.8,0.9,2.8,2.9,5.8,0.8,1.2,2,1.2,0.75,2.6,93,39.8,31,93,33.3,19,54,35.2,12,39,30.8,0.419,19,27,70.4,0.290
NJ Scholars,15U,ERNEST STANTON JR,12,26:42:00,7.8,5,0.8,2.6,3.4,1,0.1,1.1,3.1,1.61,2.2,94,37.6,37,109,33.9,29,77,37.7,8,32,25,0.294,12,16,75,0.147
Team Durant,15U,Aiden Acquah,11,21:04,7.7,1.6,1.5,2.4,3.8,2.1,0.7,2.8,1.8,0.89,1.2,85,39.8,30,83,36.1,24,62,38.7,6,21,28.6,0.253,19,31,61.3,0.373
Vegas Elite,15U,Frederick Jones II,11,22:32,7.6,2.5,1.5,2.1,3.5,1.8,1.3,3.1,1.5,1.67,2.5,84,50.7,34,70,48.6,31,51,60.8,3,19,15.8,0.271,13,24,54.2,0.343
Utah Prospects,15U,Oscar Keegan,7,17:50,7.6,1.7,0.9,4.6,5.4,0.4,1.7,2.1,2.6,0.65,4,53,42.6,20,47,42.6,20,42,47.6,0,5,0,0.106,13,16,81.2,0.340
The Family,15U,Igniire Muhammad,7,14:36,7.6,1.3,1,2.4,3.4,1,0,1,2.1,0.62,1.3,53,43.9,21,49,42.9,20,43,46.5,1,6,16.7,0.122,10,15,66.7,0.306
City Rocks,15U,Aiden Prunty,12,24:28:00,7.5,1.5,1.8,2.9,4.7,1.4,0.7,2.1,0.6,2.50,2.1,90,46.3,32,82,39,20,42,47.6,12,40,30,0.488,14,23,60.9,0.280
Nightrydas,15U,Peyton Steele,11,27:24:00,7.5,2.5,1.3,3.1,4.4,1,0.8,1.8,2.4,1.04,2,82,42.4,33,86,38.4,26,52,50,7,34,20.6,0.395,9,16,56.2,0.186
Team CP3,15U,Davonta Lindsey Jr,12,19:25,7.5,1.4,0.8,1.8,2.5,1.2,0.2,1.4,1.4,1.00,0.8,90,46.9,31,80,38.8,18,32,56.2,13,48,27.1,0.600,15,27,55.6,0.338
Alabama Fusion,15U,Evan Kirby,11,16:22,7.5,1.4,0.4,1.3,1.6,1.1,0.1,1.2,2,0.70,0.8,83,50,30,75,40,15,28,53.6,15,47,31.9,0.627,8,11,72.7,0.147
Indy Heat,15U,Chandon Gilbert,4,16:33,7.5,0.2,1.2,1,2.2,0.2,0,0.2,1,0.20,0.5,30,50,9,24,37.5,3,11,27.3,6,13,46.2,0.542,6,8,75,0.333
PG Elite,15U,Jayden Robinson,10,23:34,7.4,1.8,0.5,3,3.5,1,0.5,1.5,2.7,0.67,1,74,38.9,27,90,30,11,33,33.3,16,57,28.1,0.633,4,7,57.1,0.078
AZ Unity,15U,Isaiah Rider,11,15:19,7.4,1.3,0.5,1.7,2.3,0.4,0.1,0.5,0.7,1.86,0.5,81,70.6,27,51,52.9,9,18,50,18,33,54.5,0.647,9,11,81.8,0.216
Legynds,15U,Garrett Smith,12,18:22,7.2,0.8,2.2,2.9,5.2,0.8,1.5,2.3,1.5,0.53,2.2,87,61.2,40,67,59.7,38,61,62.3,2,6,33.3,0.090,5,12,41.7,0.179
Brad Beal Elite,15U,Elijah Bryant,12,20:43,7.2,1.1,0.5,1.9,2.4,1.1,1.1,2.2,1.4,0.79,2,86,41.4,28,76,36.8,21,46,45.7,7,30,23.3,0.395,23,27,85.2,0.355
NY Rens,15U,Will Brunson,8,20:50,7.2,1.9,1.2,3.1,4.4,1.4,0.5,1.9,2.1,0.90,2.9,58,40.7,21,59,35.6,15,33,45.5,6,26,23.1,0.441,10,14,71.4,0.237
Mac Irvin Fire,15U,Q Fry,4,20:19,7.2,1,1.2,5.8,7,1.2,0.2,1.4,0.8,1.25,3.5,29,61.9,12,21,57.1,10,13,76.9,2,8,25,0.381,3,4,75,0.190
Howard Pulley,15U,Chase Maetzold,12,23:29,7.2,1.2,0.9,3.6,4.5,0.5,0.4,0.9,0.7,1.71,1.6,87,52.7,28,75,37.3,5,14,35.7,23,61,37.7,0.813,8,10,80,0.133
Boo Williams,15U,Eziah Goodson,9,22:43,7.1,3,1.1,1.8,2.9,2,0.3,2.3,1.7,1.76,1.2,64,46.6,23,58,39.7,15,29,51.7,8,29,27.6,0.500,10,23,43.5,0.397
Jet Academy,15U,Ethan Knox,10,20:46,7.1,0.5,2.2,3.8,6,1.2,0.4,1.6,1.3,0.38,0.6,71,40.8,30,76,39.5,28,62,45.2,2,14,14.3,0.184,9,18,50,0.237
City Rocks,15U,Michael Parris,12,19:03,7.1,1.2,1.6,2.7,4.2,0.5,1,1.5,1.4,0.86,2.5,85,39.6,28,77,36.4,23,50,46,5,27,18.5,0.351,24,34,70.6,0.442
Oakland Soldiers,15U,Ethaniel Hill,11,17:54,7.1,0.6,2.7,3.8,6.5,0.6,0.7,1.3,1.1,0.55,2.7,78,54.1,33,61,54.1,33,61,54.1,0,0,0,0.000,12,20,60,0.328
Alabama Fusion,15U,Kaden Irwin,4,23:23,7,1.8,2.5,4.5,7,1.2,1,2.2,2,0.90,3,28,32.1,12,39,30.8,11,30,36.7,1,9,11.1,0.231,3,10,30,0.256
JL3,15U,Ephriam Moore,11,17:49,7,0.5,2.9,3.7,6.6,0.5,1.7,2.2,1.8,0.28,1.3,77,47.1,32,68,47.1,32,68,47.1,0,0,0,0.000,13,24,54.2,0.353
Jet Academy,15U,Luigi Borio,7,23:21,7,1.3,2.9,3.7,6.6,0.7,1,1.7,1.3,1.00,2.4,49,55.7,16,35,45.7,9,22,40.9,7,13,53.8,0.371,10,22,45.5,0.629
NY Rens,15U,Flory Kuminga,4,17:17,7,0.8,1,1.8,2.8,0.8,0.2,1,1.2,0.67,1,28,40.6,12,32,37.5,10,21,47.6,2,11,18.2,0.344,2,7,28.6,0.219
Indy Heat,15U,Jaxson Delaney,12,16:03,7,0.3,2.8,2,4.8,0.3,0.6,0.9,0.9,0.33,1.9,84,48.5,31,68,45.6,27,45,60,4,23,17.4,0.338,18,26,69.2,0.382
Howard Pulley,15U,Anthony Armstrong,12,23:44,6.9,2,0.7,1.1,1.8,0.8,0.1,0.9,1.2,1.67,1.9,83,46.3,27,81,33.3,6,20,30,21,61,34.4,0.753,8,11,72.7,0.136
Jet Academy,15U,Cadence Collins,7,13:42,6.9,1,0,0.9,0.9,0.7,0,0.7,2,0.50,1.4,48,45.3,16,43,37.2,9,28,32.1,7,15,46.7,0.349,9,12,75,0.279
Pro Skills,15U,James Johnson III,11,21:49,6.8,2.1,1,3.9,4.9,1.6,0.5,2.1,3,0.70,2.5,75,49.3,32,68,47.1,29,54,53.7,3,14,21.4,0.206,8,17,47.1,0.250
LivOn,15U,Maxwell Moody,8,25:06:00,6.8,4.5,0.4,2,2.4,1.4,0.1,1.5,3,1.50,1.5,54,40,21,60,35,15,40,37.5,6,20,30,0.333,6,6,100,0.100
NY Rens,15U,Yu Lyu,12,16:55,6.8,0.6,2.1,3.2,5.3,0.5,0.8,1.3,1.6,0.38,1.9,82,46.2,30,66,45.5,29,57,50.9,1,9,11.1,0.136,21,33,63.6,0.500
Expressions ,15U,Patrick Costello,12,19:00,6.8,1.3,1.7,3.1,4.8,0.8,0.4,1.2,1.7,0.76,1.6,81,41.1,34,90,37.8,28,51,54.9,6,39,15.4,0.433,7,10,70,0.111
All Ohio,15U,Ice Taylor,12,22:08,6.8,1.2,0.4,1.3,1.8,1,0.1,1.1,1.1,1.09,0.8,82,36.1,30,108,27.8,12,42,28.6,18,66,27.3,0.611,4,5,80,0.046
JL3,15U,EMMANUEL NWABUOKU,11,17:10,6.7,0.5,1,3.1,4.1,0.3,2,2.3,0.6,0.83,1.6,74,50.8,30,62,48.4,27,51,52.9,3,11,27.3,0.177,11,24,45.8,0.387
PSA Cardinals,15U,Ethan Nelson,12,18:18,6.6,1.6,0.8,1.5,2.2,1.8,0.4,2.2,0.7,2.29,1.1,79,40.8,23,65,35.4,16,38,42.1,7,27,25.9,0.415,26,35,74.3,0.538
AB Elite,15U,Alex Aluga,12,25:15:00,6.6,1.2,3.1,3.8,6.8,0.9,0.9,1.8,0.9,1.33,3.1,79,52.8,28,53,52.8,28,53,52.8,0,0,0,0.000,23,42,54.8,0.792
Oakland Soldiers,15U,Amare Chandler,8,12:17,6.6,0.5,0.4,1.8,2.1,1,0.2,1.2,0.5,1.00,1.2,53,57.9,18,38,47.4,10,16,62.5,8,22,36.4,0.579,9,12,75,0.316
Team Thad,15U,Rodreiq Lucas,12,24:54:00,6.6,2.1,2,4,6,1,0.1,1.1,2.4,0.88,1.7,79,41.8,26,67,38.8,22,52,42.3,4,15,26.7,0.224,23,33,69.7,0.493
Team Herro,15U,JaQuan Turner,11,23:38,6.6,0.5,1.3,2.5,3.8,0.5,0.5,1,1.5,0.33,2.3,73,39.5,29,81,35.8,23,57,40.4,6,24,25,0.296,9,10,90,0.123
Team Durant,15U,Isa Camp,11,19:14,6.5,1.7,0.4,1.6,2,2.4,0.1,2.5,3.2,0.53,1.2,72,42.4,26,72,36.1,17,35,48.6,9,37,24.3,0.514,11,15,73.3,0.208
JL3,15U,Joshua Augmon,11,19:03,6.5,2,1.4,3.6,5,1.5,0.7,2.2,2.9,0.69,1.8,71,42.7,30,75,40,26,59,44.1,4,16,25,0.213,7,20,35,0.267
JL3,15U,Jax Sharum,11,14:46,6.5,0.3,0.7,1.1,1.8,0.9,0.1,1,1.3,0.23,2,71,41.7,25,78,32.1,10,27,37,15,51,29.4,0.654,6,8,75,0.103
Team Thad,15U,Trevor Frost,4,14:48,6.5,0,1.8,3,4.8,0.5,0.5,1,0.2,0.00,2,26,34.6,9,26,34.6,9,26,34.6,0,0,0,0.000,8,14,57.1,0.538
NW Rotary,15U,Carter Lockhart,4,15:07,6.5,1.2,0.2,0.5,0.8,0.5,0,0.5,1.2,1.00,1.5,26,78.1,9,16,56.2,2,3,66.7,7,13,53.8,0.813,1,5,20,0.313
Mac Irvin Fire,15U,Marshaun Thornton,9,20:33,6.4,1.7,0.8,3.4,4.2,1.4,0.8,2.2,2,0.85,2.1,58,46.9,21,48,43.8,18,34,52.9,3,14,21.4,0.292,13,15,86.7,0.313
Team Final,15U,Julian Mckie,12,21:32,6.4,0.8,1.2,4.6,5.8,0.8,0.9,1.7,1.1,0.73,2.2,77,49.1,28,57,49.1,28,47,59.6,0,10,0,0.175,21,28,75,0.491
Team Takeover,15U,Zayvion Williams,11,13:38,6.4,1.3,0.6,2.9,3.5,0.4,0.1,0.5,1.7,0.76,1.3,70,54.8,30,62,48.4,22,39,56.4,8,23,34.8,0.371,2,4,50,0.065
All Ohio,15U,Herman Walker,12,19:14,6.3,2.2,1.2,2.6,3.8,2.1,0.4,2.5,1.4,1.57,2.4,76,41.5,27,65,41.5,27,54,50,0,11,0,0.169,22,32,68.8,0.492
Indy Heat,15U,Bryce LaCross,12,22:45,6.3,1.4,0.7,1.7,2.3,0.6,0.3,0.9,0.6,2.33,2,76,42.4,25,85,29.4,3,16,18.8,22,69,31.9,0.812,4,4,100,0.047
All Ohio,15U,Maximus Arlinghaus,12,18:21,6.2,0.5,1.7,3.2,4.8,0.5,1.2,1.7,0.9,0.56,2.5,74,48.6,26,69,37.7,11,25,44,15,44,34.1,0.638,7,10,70,0.145
Mokan,15U,Vasaun Wilmington,12,23:12,6.2,3.1,0.2,2,2.2,1.3,0.2,1.5,2.2,1.41,1.7,75,42.6,27,74,36.5,18,46,39.1,9,28,32.1,0.378,12,16,75,0.216
Expressions ,15U,TERESA BARISANO-THORPE,8,19:02,6.2,0.4,1.6,2.6,4.2,0.1,1.4,1.5,0.8,0.50,1.5,50,75,24,32,75,24,32,75,0,0,0,0.000,2,8,25,0.250
JL3,15U,Jaylen Addai,11,20:53,6.2,3.1,1.5,3.4,4.9,1.1,0.3,1.4,1.5,2.07,1.2,68,35.2,27,88,30.7,19,58,32.8,8,30,26.7,0.341,6,14,42.9,0.159
Team CP3,15U,Andrew Juergens,12,14:36,6.2,0.3,0.8,1.4,2.2,0.8,0.3,1.1,1.5,0.20,0.8,74,47.7,25,66,37.9,12,22,54.5,13,44,29.5,0.667,11,15,73.3,0.227
PSA Cardinals,15U,maxx tjongondjoza,12,17:55,6.2,0.5,0.5,3.2,3.8,0.6,0.5,1.1,1.7,0.29,1.8,74,56.6,31,61,50.8,24,36,66.7,7,25,28,0.410,5,8,62.5,0.131
Utah Prospects,15U,Luke Wray,11,18:19,6.1,1.2,0.6,3.2,3.8,0.7,0.5,1.2,2.5,0.48,1.9,67,46.3,24,54,44.4,22,40,55,2,14,14.3,0.259,17,22,77.3,0.407
Alabama Fusion,15U,Tre Pittman,11,13:51,6.1,1.1,0.4,1.8,2.2,0.8,0.1,0.9,2.2,0.50,2.4,67,37.3,24,75,32,16,52,30.8,8,23,34.8,0.307,11,15,73.3,0.200
AOT,15U,Anwar Molette,8,16:05,6.1,0.2,1.2,2.2,3.5,0.5,0.2,0.7,1,0.20,1.4,49,34.2,17,57,29.8,12,31,38.7,5,26,19.2,0.456,10,17,58.8,0.298
Boo Williams,15U,B. Donso,1,18:32,6,1,5,2,7,3,1,4,1,1.00,2,6,33.3,3,9,33.3,3,9,33.3,0,0,0,0.000,0,3,0,0.333
Georgia Stars,15U,Calvin Goss IV,7,12:26,6,1.9,0.3,1.7,2,1.1,0,1.1,0.9,2.11,1,42,67.2,17,29,58.6,12,19,63.2,5,10,50,0.345,3,4,75,0.138
Mac Irvin Fire,15U,Salkuaskes,4,13:04,6,0.2,0.2,1.2,1.5,0.8,0.2,1,1.2,0.17,1,24,54.5,11,22,50,9,17,52.9,2,5,40,0.227,0,0,0,0.000
Expressions ,15U,Jadon Beatty,8,10:20,6,1.1,0.5,1,1.5,0.8,0,0.8,1.4,0.79,0.6,48,51.2,19,42,45.2,14,26,53.8,5,16,31.2,0.381,5,10,50,0.238
Florida Rebels,15U,Mayar Dleu,2,10:13,6,0,1.5,4,5.5,0,0,0,0.5,0.00,1,12,50,3,6,50,3,5,60,0,1,0,0.167,6,11,54.5,1.833
Team Takeover,15U,Jadah Washington,11,20:50,5.9,3.9,1.2,3.7,4.9,4,0.3,4.3,2.7,1.44,1.8,65,44.5,28,64,43.8,27,60,45,1,4,25,0.063,8,21,38.1,0.328
Houston Hoops,15U,Raymond Caceres,7,18:38,5.9,0.4,0.4,0.9,1.3,0.7,0,0.7,1.3,0.31,1.1,41,31.8,14,55,25.5,7,32,21.9,7,23,30.4,0.418,6,11,54.5,0.200
Florida Rebels,15U,Chudier Diew Yak,8,16:11,5.8,1,1.2,3.5,4.8,1,0.6,1.6,1.9,0.53,2.6,46,44.7,20,47,42.6,18,35,51.4,2,12,16.7,0.255,4,9,44.4,0.191
NY Rens,15U,Josiah Broko,4,12:34,5.8,0.5,2.5,0.5,3,0.8,0.8,1.6,0.2,2.50,1.5,23,50,9,18,50,9,15,60,0,3,0,0.167,5,6,83.3,0.333
NY Rens,15U,chase bray,12,21:11,5.8,3.1,0.4,1.8,2.2,1.4,0.2,1.6,1.3,2.38,1.5,70,46,24,62,38.7,15,36,41.7,9,26,34.6,0.419,13,13,100,0.210
PG Elite,15U,Trace Lopez III,4,21:00,5.8,0.5,0.5,2.5,3,0.5,1,1.5,3.2,0.16,2.2,23,45.7,10,23,43.5,9,21,42.9,1,2,50,0.087,2,6,33.3,0.261
Team Final,15U,DeMere Salisbery,12,21:49,5.8,3.3,0.6,2,2.6,0.6,0.6,1.2,2.6,1.27,1,69,45.8,24,60,40,17,43,39.5,7,17,41.2,0.283,14,26,53.8,0.433
Houston Hoops,15U,Raymond Caceres,4,21:05,5.8,1.2,0.8,0.2,1,1,0,1,1.5,0.80,1,23,27.6,9,38,23.7,6,15,40,3,23,13,0.605,2,6,33.3,0.158
Howard Pulley,15U,Mekhi Neeley-Davis,12,24:16:00,5.8,2.4,2.1,3,5.1,0.8,0.2,1,1.9,1.26,2.3,70,40.2,26,66,39.4,25,62,40.3,1,4,25,0.061,17,33,51.5,0.500
UPLAY,15U,Demetrius Woodard ll,12,19:44,5.8,1.2,1.2,2.6,3.8,0.8,0.1,0.9,1.5,0.80,1,69,37.2,29,82,35.4,26,60,43.3,3,22,13.6,0.268,8,10,80,0.122
Team Herro,15U,Gabe Whited,4,21:44,5.8,0.8,1.5,2.2,3.8,0.8,0,0.8,1.2,0.67,2,23,50,8,18,44.4,6,15,40,2,3,66.7,0.167,5,8,62.5,0.444
Indy Heat,15U,Maxwell Hopkins,4,14:46,5.8,0,1.8,4.2,6,0.2,0.2,0.4,1.8,0.00,2.2,23,68.8,10,16,62.5,8,14,57.1,2,2,100,0.125,1,1,100,0.063
Drive Nation,15U,Jason Jackson,11,21:14,5.7,2.1,0.8,1.8,2.6,0.5,0.5,1,2.1,1.00,1.4,63,32.5,22,80,27.5,14,45,31.1,8,35,22.9,0.438,11,20,55,0.250
NY Lightning,15U,Aaron Tutt,10,18:54,5.6,1.6,1,2.6,3.6,1.1,0.5,1.6,3.2,0.50,1.2,56,32.5,20,63,31.7,19,54,35.2,1,9,11.1,0.143,15,18,83.3,0.286
Jet Academy,15U,Kerrington Moore,8,17:49,5.6,1.9,0.4,1.5,1.9,0.9,0,0.9,1.4,1.36,2.2,45,45.1,14,41,34.1,5,12,41.7,9,29,31,0.707,8,15,53.3,0.366
Team Durant,15U,Khyair Phillips,10,15:50,5.6,0.9,0.7,0.9,1.6,0.8,0.1,0.9,2.1,0.43,1.1,56,45.2,20,52,38.5,13,35,37.1,7,17,41.2,0.327,9,25,36,0.481
PSA Cardinals,15U,Matthew Santiago,11,10:49,5.6,0.9,0.3,1,1.3,0.5,0,0.5,0.7,1.29,1.5,62,50,21,55,38.2,8,20,40,13,35,37.1,0.636,7,9,77.8,0.164
Pro Skills,15U,AJ Igwiloh,11,18:16,5.5,0.2,2.8,3.1,5.9,0.5,1.5,2,0.6,0.33,2.1,60,39.3,24,61,39.3,24,61,39.3,0,0,0,0.000,12,34,35.3,0.557
Team Why Not,15U,Williams Sacre Mbanzoulou,10,14:59,5.5,0.2,3.4,4,7.4,0.9,0.6,1.5,1.3,0.15,2.2,55,50,25,51,49,24,50,48,1,1,100,0.020,4,13,30.8,0.255
Florida Rebels,15U,Zion siler,10,17:15,5.5,1,0.9,1.7,2.6,1,0.4,1.4,0.5,2.00,2.2,55,46.2,21,52,40.4,15,29,51.7,6,23,26.1,0.442,7,13,53.8,0.250
Team Final,15U,Justin McKie,12,16:22,5.5,1.3,0.6,2.1,2.7,0.9,0.1,1,0.4,3.25,1.1,66,50,22,62,35.5,4,13,30.8,18,49,36.7,0.790,4,5,80,0.081
Oakland Soldiers,15U,Joshua-Matthew Agbo,11,20:12,5.5,1.6,0.5,3.4,3.9,0.8,0.2,1,1.4,1.14,1.4,61,40.4,21,57,36.8,17,36,47.2,4,21,19,0.368,15,21,71.4,0.368
AZ Unity,15U,Jaydon Hayes,11,17:17,5.5,1.3,0.9,2.7,3.6,0.5,0.3,0.8,1.1,1.18,1.5,61,51.8,23,55,41.8,12,29,41.4,11,26,42.3,0.473,4,6,66.7,0.109
Alabama Fusion,15U,Deonte Jiles,11,16:42,5.5,1.8,0.6,1.5,2.1,0.4,0.1,0.5,2,0.90,1.4,61,47.8,18,46,39.1,10,26,38.5,8,20,40,0.435,17,21,81,0.457
Vegas Elite,15U,Michael McIntyre,7,18:37,5.4,1,2.1,4.4,6.6,0.3,0.4,0.7,0.7,1.43,1.9,38,45.7,15,35,42.9,13,27,48.1,2,8,25,0.229,6,13,46.2,0.371
LivOn,15U,Darius Kieffer,7,20:26,5.4,1.3,0.4,2,2.4,0.6,0,0.6,1.7,0.76,1.9,38,40,12,35,34.3,8,22,36.4,4,13,30.8,0.371,10,10,100,0.286
Mac Irvin Fire,15U,Amari Williams,12,23:16,5.3,0.6,3,3.4,6.4,1.2,0.9,2.1,1.6,0.38,2.5,64,47.4,27,57,47.4,27,57,47.4,0,0,0,0.000,10,19,52.6,0.333
Boo Williams,15U,Mohamed Donzo,6,22:24,5.3,1,2.7,2.5,5.2,0.3,0.5,0.8,1.7,0.59,3.2,32,46,11,25,44,10,22,45.5,1,3,33.3,0.120,9,31,29,1.240
Georgia Stars,15U,Leartist Williams Jr,4,24:12:00,5.2,0.8,1.8,5.8,7.5,0.8,1.2,2,1,0.80,1.2,21,38.6,8,22,36.4,7,15,46.7,1,7,14.3,0.318,4,7,57.1,0.318
Team United,15U,Braxten DuBose,9,11:19,5.2,0.6,0.9,1.4,2.3,0.8,0,0.8,0.6,1.00,1.4,47,45.6,20,45,44.4,19,31,61.3,1,14,7.1,0.311,6,12,50,0.267
Legynds,15U,Jerrell Copeland,12,18:10,5.2,1.2,0.6,2.6,3.2,0.4,0.3,0.7,1.4,0.86,0.7,63,53.1,24,49,49,20,36,55.6,4,13,30.8,0.265,11,17,64.7,0.347
NJ Scholars,15U,Chase pettiford,12,10:56,5.2,1.3,0.4,0.7,1.1,0.4,0,0.4,1,1.30,0.3,63,42.9,25,70,35.7,15,39,38.5,10,31,32.3,0.443,3,5,60,0.071
Drive Nation,15U,Jacob Anene,8,22:14,5.1,4.1,0.8,0.8,1.5,2.1,0.1,2.2,2.2,1.86,2,41,36.4,15,44,34.1,13,35,37.1,2,9,22.2,0.205,9,19,47.4,0.432
Jet Academy,15U,Merrick Ham,1,18:24,5,1,1,1,2,2,2,4,0,0.00,1,5,66.7,2,3,66.7,2,2,100,0,1,0,0.333,1,2,50,0.667
Vegas Elite,15U,Alex Moore,3,14:59,5,0,0.7,1.3,2,0.3,1.7,2,0.3,0.00,1.3,15,62.5,5,8,62.5,5,7,71.4,0,1,0,0.125,5,7,71.4,0.875
Oakland Soldiers,15U,Justin Kimbrough,3,20:14,5,2.3,0.3,2,2.3,1.7,0,1.7,3.3,0.70,2,15,35,6,20,30,4,9,44.4,2,11,18.2,0.550,1,2,50,0.100
PG Elite,15U,Dillon Ritchie,11,16:27,5,1.3,0.3,1.1,1.4,0.8,0.1,0.9,2.6,0.50,1.1,55,53.2,22,47,46.8,16,29,55.2,6,18,33.3,0.383,5,6,83.3,0.128
Team CP3,15U,"Christopher Paul, II",12,17:29,5,0.8,0.5,1.6,2.1,0.8,0,0.8,1.2,0.67,1.2,60,40.3,23,67,34.3,15,33,45.5,8,34,23.5,0.507,6,8,75,0.119
Pro Skills,15U,Alexander Brewington,11,17:26,5,1.6,1.5,1.5,3,0.6,0.1,0.7,2.5,0.64,0.6,55,42.2,20,51,39.2,17,38,44.7,3,13,23.1,0.255,12,17,70.6,0.333
Drive Nation,15U,Kole Dortch,11,13:43,5,0.7,0.7,1.1,1.8,0.6,0,0.6,1.4,0.50,1.3,55,43.6,19,55,34.5,9,27,33.3,10,28,35.7,0.509,7,10,70,0.182
Meanstreets,15U,M Williams,4,16:24,5,1.8,1,1.8,2.8,0.2,0.2,0.4,0,#DIV/0!,2.5,20,33.3,4,12,33.3,4,8,50,0,4,0,0.333,12,16,75,1.333
Team Takeover,15U,Michael Williams,11,10:20,5,0.4,1.1,1.6,2.7,0.2,0.1,0.3,0.9,0.44,0.5,55,42.9,21,49,42.9,21,49,42.9,0,0,0,0.000,13,21,61.9,0.429
Georgia Stars,15U,Golbert Mbai,1,8:56,5,0,2,0,2,0,0,0,1,0.00,0,5,100,2,2,100,2,2,100,0,0,0,0.000,1,3,33.3,1.500
NY Lightning,15U,Josue Manaya,8,15:14,4.9,0.4,2.8,2.8,5.5,0.5,2,2.5,1.8,0.22,1.6,39,64,16,25,64,16,25,64,0,0,0,0.000,7,11,63.6,0.440
The Family,15U,Joshua Brooks,11,20:02,4.9,0.4,1.4,2.2,3.5,0.6,1.3,1.9,0.5,0.80,1.8,54,52,22,50,44,14,23,60.9,8,27,29.6,0.540,2,2,100,0.040
Expressions ,15U,Aidan McGrath,10,14:11,4.9,0.5,0.6,2.3,2.9,0.6,0.3,0.9,0.6,0.83,1.3,49,39,14,41,34.1,10,21,47.6,4,20,20,0.488,17,23,73.9,0.561
AOT,15U,Bryce Celestine,6,17:14,4.8,0.5,2,3,5,1.2,1.7,2.9,1,0.50,1.7,29,63.2,12,19,63.2,12,19,63.2,0,0,0,0.000,5,9,55.6,0.474
AZ Unity,15U,Ruach Gony,11,17:44,4.8,1.2,1.7,3.1,4.8,0.3,2.3,2.6,1.7,0.71,1.8,53,50,22,49,44.9,17,34,50,5,15,33.3,0.306,4,10,40,0.204
NJ Scholars,15U,Zion Rothwell,12,19:46,4.8,1.3,1.1,2.6,3.7,0.5,1.2,1.7,0.7,1.86,2.2,57,66.2,26,40,65,25,39,64.1,1,1,100,0.025,4,8,50,0.200
Houston Hoops,15U,Ronnie Davis III,4,18:15,4.8,0.8,2,4,6,1,0.5,1.5,1.8,0.44,2.8,19,44.4,8,18,44.4,8,17,47.1,0,1,0,0.056,3,8,37.5,0.444
Jet Academy,15U,Mayar Matheet Anyuon Dhieu,8,15:13,4.8,0.8,1.5,2.8,4.2,0.1,0.9,1,0.6,1.33,2.4,38,48.1,13,27,48.1,13,26,50,0,1,0,0.037,12,20,60,0.741
NJ Scholars,15U,Amir Eaton,4,20:47,4.8,1.8,2.2,3.2,5.5,0.5,0.2,0.7,0.5,3.60,2,19,42.1,8,19,42.1,8,16,50,0,3,0,0.158,3,8,37.5,0.421
NY Rens,15U,Jaylen Lewis,8,17:34,4.8,1.8,0.2,0.8,1,0.2,0.1,0.3,1.4,1.29,1.6,38,50,13,36,36.1,3,7,42.9,10,29,34.5,0.806,2,3,66.7,0.083
NW Rotary,15U,Carter Lockhart,7,20:14,4.7,2.4,0.4,2.3,2.7,1.1,0.3,1.4,1,2.40,1.3,33,28,11,50,22,5,17,29.4,6,33,18.2,0.660,5,9,55.6,0.180
Indy Heat,15U,Jasir Rogers,12,14:13,4.7,1.3,0.9,1.4,2.3,0.7,0.1,0.8,0.4,3.25,1.3,56,47.1,22,52,42.3,17,40,42.5,5,12,41.7,0.231,7,9,77.8,0.173
The Family,15U,Joseph Arnold,5,14:59,4.6,2.2,0,1.4,1.4,1.8,0,1.8,1,2.20,0.4,23,43.2,8,22,36.4,5,17,29.4,3,5,60,0.227,4,4,100,0.182
Alabama Fusion,15U,Karl Mullins,9,11:42,4.6,0.6,0.6,0.3,0.9,1,0,1,0.8,0.75,1,41,48.1,11,26,42.3,8,16,50,3,10,30,0.385,16,22,72.7,0.846
Jet Academy,15U,Josh Goulet,4,15:45,4.5,0.5,2,2.8,4.8,0.2,0.8,1,1.8,0.28,2,18,46.7,7,15,46.7,7,14,50,0,1,0,0.067,4,5,80,0.333
Mac Irvin Fire,15U,Roosevelt Thomas,8,12:44,4.5,0.8,1.1,1,2.1,0.8,0.1,0.9,1.6,0.50,1.8,36,40.5,15,37,40.5,15,35,42.9,0,2,0,0.054,6,21,28.6,0.568
Team Takeover,15U,Jahlil Waheed,11,12:15,4.5,1,0.3,2.3,2.5,0.2,0.5,0.7,0.5,2.00,1.6,50,52.2,19,46,41.3,9,22,40.9,10,24,41.7,0.522,2,5,40,0.109
PSA Cardinals,15U,Supreme Hinton,12,16:24,4.4,1.2,1.5,2.1,3.6,1.2,0.9,2.1,1.4,0.86,2.5,53,43.5,19,46,41.3,17,38,44.7,2,8,25,0.174,13,17,76.5,0.370
Expressions ,15U,kayden hurd,12,14:05,4.4,1.7,1.3,1.2,2.6,0.6,0.4,1,1.8,0.94,1.9,53,43.6,22,55,40,18,47,38.3,4,8,50,0.145,5,10,50,0.182
NJ Scholars,15U,Larry Brown,9,14:46,4.4,0.6,2.7,2,4.7,0.7,0.3,1,1.2,0.50,1.9,40,45.5,15,33,45.5,15,33,45.5,0,0,0,0.000,10,14,71.4,0.424
Drive Nation,15U,Luke Holloway,7,13:54,4.4,0.9,1.4,0.9,2.3,0.7,0.1,0.8,0.6,1.50,1,31,34.7,9,36,25,2,6,33.3,7,30,23.3,0.833,6,6,100,0.167
All Ohio,15U,Andrew rardin,12,18:35,4.4,0.8,1.2,1.2,2.4,0.3,0.1,0.4,0.8,1.00,1.9,53,41.7,18,54,33.3,9,20,45,9,34,26.5,0.630,8,10,80,0.185
Team United,15U,Paul McCauthen Jr,11,17:08,4.3,2.2,1.6,2.7,4.4,2.7,0.2,2.9,1.5,1.47,1.5,47,53.9,19,38,50,16,32,50,3,6,50,0.158,6,17,35.3,0.447
AZ Unity,15U,Marcus Isaac,11,16:34,4.3,0.6,2,2.5,4.5,0.5,1.3,1.8,0.5,1.20,1.1,47,38.5,20,52,38.5,20,49,40.8,0,3,0,0.058,7,12,58.3,0.231
NY Rens,15U,Ahmed Cook,6,12:46,4.3,0,1.7,1.3,3,0.7,0.7,1.4,1.7,0.00,1.7,26,50,9,18,50,9,18,50,0,0,0,0.000,8,11,72.7,0.611
Pro Skills,15U,Jacob Anene,3,14:19,4.3,2.3,0,0.7,0.7,1.3,0,1.3,0.7,3.29,0.7,13,38.2,6,17,35.3,5,12,41.7,1,5,20,0.294,0,0,0,0.000
Team Herro,15U,Shane Lunford,3,14:46,4.3,1,2,1.3,3.3,1.3,0,1.3,0.3,3.33,1,13,50,4,9,44.4,3,5,60,1,4,25,0.444,4,9,44.4,1.000
Vegas Elite,15U,Roman Esparza,11,13:14,4.3,1.7,0.6,1.3,1.9,0.7,0.1,0.8,1.5,1.13,1.5,47,55,18,40,45,10,16,62.5,8,24,33.3,0.600,3,9,33.3,0.225
Georgia Stars,15U,Trayvon Pannell,11,15:26,4.3,1,1.5,1.2,2.7,0.5,0.2,0.7,0.5,2.00,1,47,48.7,19,39,48.7,19,35,54.3,0,4,0,0.103,9,17,52.9,0.436
City Rocks,15U,Alvin-Aaden Walters IV,12,11:59,4.2,1.2,0.5,0.8,1.2,0.6,0,0.6,1.2,1.00,2.4,50,64.7,17,34,50,7,15,46.7,10,19,52.6,0.559,6,6,100,0.176
Brad Beal Elite,15U,Chase Williams,12,12:35,4.2,1.4,0.8,1.2,2,0.3,0.1,0.4,0.6,2.33,0.3,50,59.1,15,33,45.5,6,11,54.5,9,22,40.9,0.667,11,13,84.6,0.394
Team Thad,15U,Travor Frost,4,13:51,4.2,0.5,1,1.8,2.8,0.2,0.2,0.4,0.2,2.50,2,17,53.8,7,13,53.8,7,13,53.8,0,0,0,0.000,3,10,30,0.769
Nightrydas,15U,Camden Cooper,7,22:38,4.1,2.1,0.4,2,2.4,1.1,0.4,1.5,1.7,1.24,1.3,29,32.9,11,38,28.9,8,20,40,3,18,16.7,0.474,4,6,66.7,0.158
Mac Irvin Fire,15U,Lester Watson,10,15:14,4.1,1,0.9,0.9,1.8,1,0.2,1.2,1.1,0.91,0.4,41,38.2,17,51,33.3,12,31,38.7,5,20,25,0.392,2,2,100,0.039
NY Rens,15U,Josiah broko,1,9:55,4,0,1,1,2,1,1,2,0,#DIV/0!,4,4,33.3,1,3,33.3,1,3,33.3,0,0,0,0.000,2,4,50,1.333
Team Thad,15U,Kobe Brothers,4,11:47,4,0.8,0.2,1,1.2,1.5,0.2,1.7,0.5,1.60,0.5,16,38.9,5,18,27.8,1,2,50,4,16,25,0.889,2,2,100,0.111
NY Rens,15U,Flory Kuminga,4,15:11,4,0.8,0.5,2.5,3,0.2,1.5,1.7,1.5,0.53,2.2,16,34.8,8,23,34.8,8,17,47.1,0,6,0,0.261,0,5,0,0.217
Expressions ,15U,Maxxwell Thorpe,4,17:29,4,0.5,1.5,1.2,2.8,1,0.5,1.5,1,0.50,0.5,16,37.5,6,16,37.5,6,15,40,0,1,0,0.063,4,8,50,0.500
Houston Hoops,15U,Ireoluwakanka Amusan,4,14:43,4,0.5,2,2.2,4.2,1,0.5,1.5,0.5,1.00,2.2,16,57.1,8,14,57.1,8,14,57.1,0,0,0,0.000,0,2,0,0.143
Pro Skills,15U,Brayden Doolan,7,12:50,4,0.6,0.9,3.1,4,0.6,0.4,1,0.9,0.67,1.6,28,35,8,30,26.7,3,8,37.5,5,22,22.7,0.733,7,9,77.8,0.300
Florida Rebels,15U,Henry Thomas V,3,19:29,4,1.7,0.7,2.3,3,1,0,1,0.7,2.43,1.7,12,28.1,4,16,25,3,7,42.9,1,9,11.1,0.563,3,8,37.5,0.500
Boo Williams,15U,Jon Larranaga Jr,4,9:02,4,0,0.2,1,1.2,0.2,0.5,0.7,0.5,0.00,0.5,16,53.8,6,13,46.2,4,8,50,2,5,40,0.385,2,4,50,0.308
AOT,15U,Austin Dennard,2,16:51,4,1.5,0.5,3,3.5,0.5,0,0.5,2,0.75,0,8,42.9,2,7,28.6,0,3,0,2,4,50,0.571,2,2,100,0.286
Florida Rebels,15U,Tristen Tucker,11,12:18,4,1.1,0.3,1,1.3,0.4,0,0.4,1,1.10,0.9,44,42.9,16,42,38.1,12,25,48,4,17,23.5,0.405,8,11,72.7,0.262
NJ Scholars,15U,Jordan Mason,4,12:09,4,0.2,0.2,0.5,0.8,0.2,0,0.2,1,0.20,0.8,16,44.4,6,18,33.3,2,3,66.7,4,15,26.7,0.833,0,0,0,0.000
Team Takeover,15U,Eric Green II,7,9:23,3.9,0.1,1,1.6,2.6,0.7,0.1,0.8,0.1,1.00,0.4,27,55.9,9,17,52.9,8,13,61.5,1,4,25,0.235,8,11,72.7,0.647
NW Rotary,15U,Austin Collins,4,12:16,3.8,0.5,0.8,1.2,2,1,0.5,1.5,0.8,0.63,1,15,53.8,6,13,46.2,4,7,57.1,2,6,33.3,0.462,1,1,100,0.077
Team Durant,15U,Jaiden Hunter,4,14:25,3.8,0.5,1,2.8,3.8,0.5,1,1.5,1.2,0.42,0.5,15,31.2,5,16,31.2,5,12,41.7,0,4,0,0.250,5,10,50,0.625
PSA Cardinals,15U,Shane Lopez,12,18:50,3.8,2.9,0.9,1.5,2.4,1.2,0,1.2,1.5,1.93,1.2,46,36.9,20,61,32.8,15,40,37.5,5,21,23.8,0.344,1,5,20,0.082
Expressions ,15U,Hermann Kone,12,14:16,3.8,1,1.1,2.8,3.8,0.3,0.7,1,1.3,0.77,0.8,46,40.4,18,47,38.3,16,35,45.7,2,12,16.7,0.255,8,12,66.7,0.255
NY Lightning,15U,Willie Darden,8,15:54,3.8,0.6,0.6,1.5,2.1,0.4,0.4,0.8,1.2,0.50,0.8,30,32.1,9,28,32.1,9,19,47.4,0,9,0,0.321,12,18,66.7,0.643
Meanstreets,15U,DeAndre Higgs,9,16:24,3.8,1.1,0.6,1.2,1.8,0.7,0.1,0.8,1.7,0.65,0.8,34,40,14,35,40,14,29,48.3,0,6,0,0.171,6,11,54.5,0.314
NY Lightning,15U,Kai Cox,4,12:34,3.8,2.2,0.8,2.2,3,0.5,0,0.5,0.5,4.40,2,15,53.8,5,13,38.5,1,6,16.7,4,7,57.1,0.538,1,2,50,0.154
Team United,15U,Brelyn Moses,4,6:43,3.8,0.2,2,0,2,0,0.2,0.2,0.2,1.00,1.5,15,40.6,6,16,37.5,5,14,35.7,1,2,50,0.125,2,4,50,0.250
Pro Skills,15U,Momar Diakhate,4,10:55,3.8,0.2,0,2,2,0,0,0,0.5,0.40,0.5,15,70,5,10,50,1,3,33.3,4,7,57.1,0.700,1,3,33.3,0.300
PG Elite,15U,Stephan Karibyan,6,9:46,3.7,0.7,1.3,2.2,3.5,1.3,0,1.3,0.8,0.88,2.3,22,37,7,23,30.4,4,11,36.4,3,12,25,0.522,5,7,71.4,0.304
Meanstreets,15U,Amir Beasley,12,13:35,3.7,0.2,1.2,1.2,2.4,0.3,0.9,1.2,0.4,0.50,1.5,44,44.7,18,47,38.3,12,33,36.4,6,14,42.9,0.298,2,6,33.3,0.128
Alabama Fusion,15U,Sebastien Lefranc,10,12:52,3.6,1.6,0.4,1.2,1.6,0.9,0.1,1,1.2,1.33,1.2,36,46.2,18,39,46.2,18,31,58.1,0,8,0,0.205,0,0,0,0.000
UPLAY,15U,Malcolm Suleiman,12,14:52,3.6,0.8,0.4,1.8,2.2,0.5,0.4,0.9,0.9,0.89,0.8,43,36.8,12,38,31.6,8,25,32,4,13,30.8,0.342,15,22,68.2,0.579
LivOn,15U,"Dominic Spinks, Jr",10,17:50,3.6,2.1,0.5,1.6,2.1,0.3,0,0.3,2,1.05,1.2,36,34.1,12,44,27.3,6,29,20.7,6,15,40,0.341,6,8,75,0.182
AOT,15U,Malik Haney,4,23:46,3.5,2.2,0.2,0.8,1,2.2,0,2.2,3,0.73,1.5,14,28.9,4,19,21.1,1,8,12.5,3,11,27.3,0.579,3,5,60,0.263
Meanstreets,15U,Marlon Williams Jr,4,12:05,3.5,2,0.5,0.8,1.2,0.2,0.8,1,0.8,2.50,1.8,14,54.5,5,11,45.5,3,6,50,2,5,40,0.455,2,2,100,0.182
Mokan,15U,Devion Gillispie,12,15:35,3.5,1.1,0.3,0.9,1.2,0.9,0,0.9,1.2,0.92,1.4,42,42.6,14,34,41.2,13,27,48.1,1,7,14.3,0.206,13,17,76.5,0.500
Vegas Elite,15U,Jaden Morgan,4,11:27,3.5,0.2,1,2,3,0.5,0.2,0.7,0,#DIV/0!,0.5,14,54.5,6,11,54.5,6,7,85.7,0,4,0,0.364,2,3,66.7,0.273
Team Why Not,15U,Christopher Davis,11,10:50,3.5,0.1,0.5,1.4,1.8,0.4,0.2,0.6,0.2,0.50,1.2,38,50,15,36,41.7,9,18,50,6,18,33.3,0.500,2,4,50,0.111
The Family,15U,Adam Tribul,11,12:13,3.5,0.9,0.3,1.5,1.7,0.5,0,0.5,1.2,0.75,0.5,38,43,14,43,32.6,5,8,62.5,9,35,25.7,0.814,1,2,50,0.047
LivOn,15U,Pierce Paul,4,9:53,3.5,0,0,1,1,0.2,0,0.2,0.2,0.00,0.8,14,50,3,8,37.5,1,4,25,2,4,50,0.500,6,7,85.7,0.875
City Rocks,15U,Finn Damann,8,14:39,3.4,0.1,1.9,2.1,4,0.6,0.6,1.2,0.5,0.20,1.8,27,43.2,9,22,40.9,8,17,47.1,1,5,20,0.227,8,13,61.5,0.591
The Family,15U,Roman Allen,12,15:18,3.4,1.3,0.6,1.2,1.8,0.8,0,0.8,1.1,1.18,0.7,41,37.8,14,49,28.6,5,23,21.7,9,26,34.6,0.531,4,6,66.7,0.122
The Family,15U,Shane Dasuqi,12,11:09,3.4,0.6,0.4,1.3,1.8,0.6,0.1,0.7,1.2,0.50,1.3,41,44.3,18,44,40.9,15,35,42.9,3,9,33.3,0.205,2,3,66.7,0.068
Houston Hoops,15U,"Sheriff Kareem, II",7,10:10,3.4,0.7,0,1,1,0.6,0,0.6,0.6,1.17,1,24,45.2,7,21,33.3,2,11,18.2,5,10,50,0.476,5,6,83.3,0.286
Team Why Not,15U,Andre Amesquita-Carter,11,20:33,3.3,0.9,0.9,1.5,2.4,0.8,0.4,1.2,2,0.45,1.7,36,25.6,11,45,24.4,10,30,33.3,1,15,6.7,0.333,13,19,68.4,0.422
Team United,15U,Cameron Moore,6,8:08,3.3,0.7,1.2,2.5,3.7,0.8,0.3,1.1,0.8,0.88,0.7,20,36.8,7,19,36.8,7,15,46.7,0,4,0,0.211,6,7,85.7,0.368
Howard Pulley,15U,Aguer Akech,12,17:18,3.3,0.9,0.8,2.1,2.9,0.2,0.8,1,1.1,0.82,1.3,40,29.2,14,53,26.4,11,27,40.7,3,26,11.5,0.491,9,14,64.3,0.264
Team Durant,15U,Jaylin Avery,3,13:41,3.3,0.3,1,2.3,3.3,0.7,0,0.7,0.3,1.00,1.3,10,33.3,3,12,25,1,5,20,2,7,28.6,0.583,2,2,100,0.167
All Ohio,15U,Connor Phillips,9,12:58,3.3,0.7,0.8,1.3,2.1,0.3,0.1,0.4,0.7,1.00,1.7,30,33.9,10,31,32.3,9,23,39.1,1,8,12.5,0.258,9,12,75,0.387
Howard Pulley,15U,Musunguindji Mwenentanda,11,12:22,3.3,0.2,0.8,1.3,2.1,0.2,0.2,0.4,0.8,0.25,1.3,36,43.6,15,39,38.5,11,31,35.5,4,8,50,0.205,2,6,33.3,0.154
Team Thad,15U,Keshon Johnson,4,19:04,3.2,1.5,2,3.5,5.5,1.5,0.5,2,1.5,1.00,2.2,13,32.1,4,14,28.6,3,8,37.5,1,6,16.7,0.429,4,11,36.4,0.786
Vegas Elite,15U,Noah Grossman,11,11:32,3.2,1,0.5,1.5,1.9,0.8,0.1,0.9,1.6,0.63,1.2,35,39.2,13,37,35.1,10,25,40,3,12,25,0.324,6,11,54.5,0.297
Team Herro,15U,William Grice,5,17:02,3.2,0.4,1.8,1.8,3.6,0.6,0.2,0.8,0.4,1.00,2.2,16,41.2,6,17,35.3,4,9,44.4,2,8,25,0.471,2,6,33.3,0.353
Team Durant,15U,Truth Kelly,11,16:35,3.2,0.5,1.2,1.6,2.8,0.5,0.1,0.6,0.9,0.56,2.1,35,30.6,14,49,28.6,12,43,27.9,2,6,33.3,0.122,5,10,50,0.204
All Ohio,15U,JJ Smith,8,13:46,3.2,1,1.4,1.1,2.5,0.6,0,0.6,0.4,2.50,0.8,26,55,11,20,55,11,20,55,0,0,0,0.000,4,6,66.7,0.300
City Rocks,15U,Kameron Stuckey,8,13:09,3.2,0.5,1.2,1.5,2.8,0.1,0.2,0.3,0,#DIV/0!,0.9,26,33.3,11,33,33.3,11,31,35.5,0,2,0,0.061,4,12,33.3,0.364
City Rocks,15U,Malak Bontzolakes,8,5:43,3.2,0.1,0.4,0.8,1.1,0,0,0,0.5,0.20,0.5,26,38.9,9,27,33.3,6,11,54.5,3,16,18.8,0.593,5,7,71.4,0.259
Team Melo,15U,Jaylin Avery,7,9:24,3.1,0.1,1,1.3,2.3,0.4,0.1,0.5,0.7,0.14,0.6,22,35.4,7,24,29.2,4,13,30.8,3,11,27.3,0.458,5,5,100,0.208
Team Final,15U,Pryce Alston,8,10:25,3.1,0.1,1.6,0.9,2.5,0.1,0.4,0.5,0.2,0.50,1.2,25,50,8,16,50,8,16,50,0,0,0,0.000,9,15,60,0.938
Drive Nation,15U,David Edokpolo,10,16:16,3,0.2,2.5,3.4,5.9,0.7,1,1.7,0.8,0.25,2.3,30,43.3,13,30,43.3,13,29,44.8,0,1,0,0.033,4,15,26.7,0.500
Drive Nation,15U,Jarius Bossell,3,12:46,3,0.7,1.3,3,4.3,0.3,1.3,1.6,2.3,0.30,0.3,9,15.2,3,23,13,2,14,14.3,1,9,11.1,0.391,2,3,66.7,0.130
The Family,15U,Carter George,8,17:29,3,2.1,1.1,1.9,3,1,0.6,1.6,1.9,1.11,0.8,24,45.8,10,24,41.7,8,16,50,2,8,25,0.333,2,4,50,0.167
Team Why Not,15U,Chace Patterson,11,13:26,3,1,0.9,1.3,2.2,1,0.3,1.3,1.5,0.67,0.5,33,40.3,14,36,38.9,13,27,48.1,1,9,11.1,0.250,4,16,25,0.444
Houston Hoops,15U,Christian Bell,4,9:20,3,0,1.2,1.5,2.8,0.8,0.2,1,1.2,0.00,1.2,12,36.4,4,11,36.4,4,9,44.4,0,2,0,0.182,4,7,57.1,0.636
AOT,15U,Haven McMiller,4,15:13,3,1.2,2,3,5,1,0,1,0.8,1.50,1.2,12,31.6,6,19,31.6,6,17,35.3,0,2,0,0.105,0,2,0,0.105
LivOn,15U,Ontario Williams,4,9:26,3,0.2,1.8,1.8,3.5,0,0.8,0.8,1.5,0.13,2.2,12,54.5,6,11,54.5,6,11,54.5,0,0,0,0.000,0,4,0,0.364
Houston Hoops,15U,Elian Williams,7,11:10,3,0.1,0.4,0.4,0.9,0.7,0,0.7,0.7,0.14,1,21,27.1,5,24,20.8,2,8,25,3,16,18.8,0.667,8,9,88.9,0.375
NJ Scholars,15U,Marcel Carr,7,11:28,3,0.4,0.6,1.3,1.9,0.6,0,0.6,1,0.40,1.3,21,34.1,7,22,31.8,6,13,46.2,1,9,11.1,0.409,6,7,85.7,0.318
Houston Hoops,15U,Devin King,2,8:40,3,0.5,1,1,2,0,0.5,0.5,1,0.50,0.5,6,100,2,2,100,2,2,100,0,0,0,0.000,2,2,100,1.000
Team Thad,15U,Kalil Luster,2,12:44,3,0.5,1,3.5,4.5,0,0.5,0.5,1,0.50,0,6,75,3,4,75,3,4,75,0,0,0,0.000,0,0,0,0.000
Jet Academy,15U,Chase Brower,10,6:51,3,0,0,0.8,0.8,0.4,0,0.4,0.7,0.00,1.1,30,63.9,8,18,44.4,1,3,33.3,7,15,46.7,0.833,7,12,58.3,0.667
All Ohio,15U,Christopher Poellnitz III,3,11:31,3,0.3,1,2.3,3.3,0.3,0,0.3,1.3,0.23,0.7,9,18.2,2,11,18.2,2,8,25,0,3,0,0.273,5,8,62.5,0.727
Brad Beal Elite,15U,Danielius Salkauskas,4,9:26,3,0.8,0.2,0.8,1,0,0.2,0.2,0.5,1.60,1.2,12,35.3,5,17,29.4,3,8,37.5,2,9,22.2,0.529,0,0,0,0.000
Pro Skills,15U,Westley Jackson,8,10:07,3,1,1,0.4,1.4,0.1,0.1,0.2,1.2,0.83,0.9,24,35,7,20,35,7,19,36.8,0,1,0,0.050,10,14,71.4,0.700
PG Elite,15U,Troy Arthon,1,8:08,3,0,0,4,4,0,0,0,2,0.00,0,3,0,0,2,0,0,0,0,0,2,0,1.000,3,4,75,2.000
Team Thad,15U,K. Oneal,1,21:59,3,0,1,4,5,0,0,0,0,#DIV/0!,1,3,50,1,3,33.3,0,1,0,1,2,50,0.667,0,0,0,0.000
Meanstreets,15U,Alijah Johnson,4,6:15,3,0,0.8,0.8,1.5,0,0,0,0,#DIV/0!,0.8,12,50,5,10,50,5,10,50,0,0,0,0.000,2,4,50,0.400
AOT,15U,Austin Dennard,2,15:18,3,0,0.5,1,1.5,0,0,0,1.5,0.00,0,6,28.6,2,7,28.6,2,7,28.6,0,0,0,0.000,2,4,50,0.571
NW Rotary,15U,Luke Read,3,6:38,3,0,2,0.7,2.7,0,0,0,0.3,0.00,0.7,9,33.3,3,9,33.3,3,9,33.3,0,0,0,0.000,3,3,100,0.333
Legynds,15U,Scyon Wilborn,12,16:09,2.9,1.9,0.3,1.2,1.6,1.2,0.2,1.4,0.8,2.38,0.8,35,35,12,40,30,8,16,50,4,24,16.7,0.600,7,10,70,0.250
Team Takeover,15U,Kenneth Little,10,10:46,2.9,0.5,0,0.9,0.9,0.3,0.1,0.4,0.2,2.50,0.1,29,38.9,11,36,30.6,5,9,55.6,6,27,22.2,0.750,1,1,100,0.028
Team Takeover,15U,Mu'aadh Muhammad,11,12:33,2.9,1.4,0.7,1.7,2.5,0.3,0.1,0.4,0.7,2.00,1.5,32,35.5,10,38,26.3,3,12,25,7,26,26.9,0.684,5,6,83.3,0.158
UPLAY,15U,Goran Davidovic,11,13:01,2.9,1.4,0.4,2.3,2.6,0.2,0,0.2,1.5,0.93,0.4,32,30.6,12,49,24.5,6,20,30,6,29,20.7,0.592,2,6,33.3,0.122
NJ Scholars,15U,Ramee Davis,8,14:15,2.8,1.2,0.8,1.8,2.5,1.4,0.4,1.8,1.4,0.86,0.8,22,27.3,7,33,21.2,3,19,15.8,4,14,28.6,0.424,4,8,50,0.242
AZ Unity,15U,Marquice Pless,10,6:32,2.8,0.9,0.2,0.6,0.8,0.6,0,0.6,0.9,1.00,0.6,28,73.5,12,17,70.6,11,13,84.6,1,4,25,0.235,3,5,60,0.294
Boo Williams,15U,Jamesen Conley,5,9:45,2.8,0.4,0.4,0.8,1.2,0.2,0.2,0.4,1,0.40,1.8,14,37.5,5,16,31.2,3,12,25,2,4,50,0.250,2,6,33.3,0.375
Jet Academy,15U,Justus Barber,3,6:16,2.7,0,1,1,2,0.3,1,1.3,1.3,0.00,1.3,8,80,4,5,80,4,5,80,0,0,0,0.000,0,0,0,0.000
Florida Rebels,15U,Jahmar Smith,10,13:34,2.7,0.4,1.6,1.7,3.3,0.4,0.3,0.7,1.1,0.36,1.6,27,37.1,11,31,35.5,10,24,41.7,1,7,14.3,0.226,4,6,66.7,0.194
Boo Williams,15U,Elijah Hall,3,12:50,2.7,1,0,3.3,3.3,0.3,0,0.3,1,1.00,0.7,8,38.9,3,9,33.3,2,4,50,1,5,20,0.556,1,2,50,0.222
Mokan,15U,Grayson Burton,9,11:46,2.6,1.1,0.6,1.7,2.2,0.3,0.8,1.1,1,1.10,1.4,23,29.3,7,29,24.1,4,7,57.1,3,22,13.6,0.759,6,8,75,0.276
Team Melo,15U,Jaylen Allen,11,12:30,2.6,0.1,1,2.5,3.5,0.2,0.3,0.5,0.7,0.14,2.4,29,43.8,7,16,43.8,7,16,43.8,0,0,0,0.000,15,24,62.5,1.500
AZ Unity,15U,MamadouIssa Sow,11,12:54,2.5,0.2,1.5,1.9,3.5,0.7,0.9,1.6,1.3,0.15,1.7,28,32.3,10,31,32.3,10,30,33.3,0,1,0,0.032,8,18,44.4,0.581
The Family,15U,King Pierce,2,11:27,2.5,0,1.5,1.5,3,0.5,1,1.5,0,#DIV/0!,0,5,20,1,5,20,1,5,20,0,0,0,0.000,3,10,30,2.000
AB Elite,15U,Micah Huland,11,13:33,2.5,0.4,0.9,2.5,3.4,0.3,1,1.3,0.5,0.80,1.5,27,61.1,11,18,61.1,11,18,61.1,0,0,0,0.000,5,10,50,0.556
Team Thad,15U,Baganley Donzo,4,12:56,2.5,0.2,1.2,1,2.2,0.5,0.8,1.3,0.2,1.00,1.8,10,38.5,5,13,38.5,5,13,38.5,0,0,0,0.000,0,0,0,0.000
Mac Irvin Fire,15U,Jacob Jones,12,8:21,2.5,0.4,0.1,0.8,0.9,0.8,0.1,0.9,0.6,0.67,0.9,30,45,13,30,43.3,12,24,50,1,6,16.7,0.200,3,4,75,0.133
JL3,15U,Aiden Houston,11,11:53,2.5,0.7,1.2,1.9,3.1,0.3,0.5,0.8,1.5,0.47,0.3,28,52.4,9,21,42.9,5,10,50,4,11,36.4,0.524,6,6,100,0.286
Team Melo,15U,Reginald Holmes jr.,11,12:34,2.5,0.7,0.3,1.3,1.5,0.7,0.1,0.8,0.9,0.78,1.3,28,27.3,8,33,24.2,6,20,30,2,13,15.4,0.394,10,12,83.3,0.364
Team Final,15U,Patrick Jajua,12,13:11,2.5,1.3,0.2,1.2,1.4,0.7,0,0.7,0.4,3.25,0.9,30,32.3,8,31,25.8,4,16,25,4,15,26.7,0.484,10,10,100,0.323
Team Takeover,15U,Malachi Lee,11,6:29,2.5,0.7,1,1.5,2.5,0.4,0.2,0.6,0.4,1.75,0.9,27,60,12,20,60,12,19,63.2,0,1,0,0.050,3,8,37.5,0.400
PG Elite,15U,Kardell Guitierrez,4,7:24,2.5,0,0,0.2,0.2,0.5,0,0.5,0.8,0.00,1.2,10,50,4,10,40,2,2,100,2,8,25,0.800,0,0,0,0.000
Alabama Fusion,15U,Pierce Strom,10,9:38,2.5,0.6,0.1,0.3,0.4,0.1,0,0.1,0.2,3.00,0.7,25,50,9,25,36,2,3,66.7,7,22,31.8,0.880,0,0,0,0.000
Team Durant,15U,Charlie Orcev,6,9:55,2.5,0.7,0.7,0.8,1.5,0,0,0,0.3,2.33,1.2,15,39.5,6,19,31.6,3,6,50,3,13,23.1,0.684,0,0,0,0.000
Houston Hoops,15U,"Sheriff Kareem, II",4,18:15,2.5,0.8,0,1,1,0,0,0,1.2,0.67,0.5,10,45.5,4,11,36.4,2,5,40,2,6,33.3,0.545,0,0,0,0.000
AOT,15U,Malik Haney,7,12:42,2.4,1.6,0.6,0.9,1.4,0.9,0.1,1,1.6,1.00,1.6,17,29.4,5,17,29.4,5,10,50,0,7,0,0.412,7,10,70,0.588
Utah Prospects,15U,Graham Moultrie,11,16:49,2.4,0.6,0.5,1.3,1.7,0.5,0,0.5,0.5,1.20,1.2,26,28,9,41,22,4,4,100,5,37,13.5,0.902,3,3,100,0.073
Team Final,15U,King Josiah Hamilton,12,11:11,2.4,0.3,1.3,2.4,3.8,0.2,0.3,0.5,0.6,0.50,2.6,29,38.7,12,31,38.7,12,27,44.4,0,4,0,0.129,5,8,62.5,0.258
Howard Pulley,15U,Judah Mitchell,8,10:18,2.4,0.6,0.2,0.4,0.6,0.4,0,0.4,1.1,0.55,1.1,19,32.5,6,20,30,5,7,71.4,1,13,7.7,0.650,6,7,85.7,0.350
Indy Heat,15U,Drake Sefton,12,16:56,2.3,1,1.4,2.2,3.7,1.2,0.4,1.6,0.4,2.50,1.4,28,50,12,25,48,11,19,57.9,1,6,16.7,0.240,3,12,25,0.480
Jet Academy,15U,Colton Nuualiitia,10,10:55,2.3,0.7,1.6,2.2,3.8,0.6,0.8,1.4,1,0.70,2.3,23,45.8,11,24,45.8,11,24,45.8,0,0,0,0.000,1,2,50,0.083
Nightrydas,15U,Alex Jenkins,9,13:41,2.3,0.7,1,1.9,2.9,0.3,0.4,0.7,0.7,1.00,1.9,21,38.9,6,18,33.3,4,11,36.4,2,7,28.6,0.389,7,16,43.8,0.889
PSA Cardinals,15U,Emanuel Lawrence,12,8:34,2.3,0.2,1.2,0.8,1.9,0.2,0.4,0.6,0.1,2.00,1.2,28,46.2,12,26,46.2,12,25,48,0,1,0,0.038,4,8,50,0.308
NY Rens,15U,Jake Toomer,12,8:45,2.3,0.1,0.5,1.1,1.6,0.3,0.2,0.5,0.5,0.20,1.4,28,38.3,9,30,30,4,7,57.1,5,23,21.7,0.767,5,5,100,0.167
Georgia Stars,15U,Kerrington Moore,3,10:14,2.3,2.3,0,1,1,0.3,0,0.3,0,#DIV/0!,1,7,50,3,7,42.9,2,2,100,1,5,20,0.714,0,0,0,0.000
LivOn,15U,Champ Williams,6,8:39,2.3,0,0.7,1,1.7,0.2,0,0.2,0.3,0.00,1,14,75,6,8,75,6,8,75,0,0,0,0.000,2,2,100,0.250
Boo Williams,15U,Rashad Shaw,4,10:50,2.2,0.5,0.8,0.5,1.2,1,0.5,1.5,2.2,0.23,0.8,9,33.3,3,9,33.3,3,9,33.3,0,0,0,0.000,3,4,75,0.444
NY Lightning,15U,Kamari Hamilton,4,12:21,2.2,1.2,0.5,1.5,2,0.8,0,0.8,0.8,1.50,1,9,50,4,8,50,4,7,57.1,0,1,0,0.125,1,4,25,0.500
Team Why Not,15U,Malachi Kaffey,4,9:59,2.2,0.5,0.8,0.8,1.5,0.5,0,0.5,3,0.17,1.2,9,34.6,3,13,23.1,0,2,0,3,11,27.3,0.846,0,2,0,0.154
PG Elite,15U,Kardell Ridgell,4,8:51,2.2,0.5,0.5,0,0.5,0.5,0,0.5,0.5,1.00,1.8,9,30.8,3,13,23.1,1,3,33.3,2,10,20,0.769,1,2,50,0.154
Meanstreets,15U,Anfernee Moore,11,7:27,2.2,0.1,1,1.3,2.3,0.1,0.1,0.2,0.7,0.14,0.4,24,29.5,6,22,27.3,5,16,31.2,1,6,16.7,0.273,11,16,68.8,0.727
Team Herro,15U,Corey Collins,12,10:30,2.1,0.3,0.9,0.8,1.8,0.4,0.6,1,0.9,0.33,1.8,25,44,11,25,44,11,25,44,0,0,0,0.000,3,6,50,0.240
Team Durant,15U,Kellen Greene,11,10:40,2.1,1.3,0.5,1.2,1.7,0.6,0,0.6,0.5,2.60,1.4,23,35.5,9,31,29,5,10,50,4,21,19,0.677,1,5,20,0.161
Utah Prospects,15U,Ty Kozlowski,10,10:51,2.1,0.6,1,1,2,0.4,0.1,0.5,0.4,1.50,1.4,21,43.8,7,16,43.8,7,15,46.7,0,1,0,0.063,7,10,70,0.625
Alabama Fusion,15U,Pierce Washington,8,7:13,2.1,0.2,1,1.1,2.1,0.5,0,0.5,0.5,0.40,2,17,47.1,8,17,47.1,8,16,50,0,1,0,0.059,1,4,25,0.235
Team Why Not,15U,Matthew Burton,3,11:26,2,1,0.7,1.3,2,2.3,0,2.3,1.7,0.59,1.3,6,42.9,3,7,42.9,3,4,75,0,3,0,0.429,0,0,0,0.000
Team Thad,15U,Mohamed Donzo,4,11:49,2,0.2,1.2,2,3.2,0.5,0.8,1.3,0.2,1.00,1.5,8,66.7,4,6,66.7,4,6,66.7,0,0,0,0.000,0,4,0,0.667
Team Takeover,15U,Jerramiah Walker,11,9:01,2,1.1,1.1,1.2,2.3,0.7,0.3,1,1.4,0.79,1.4,22,25,9,40,22.5,7,31,22.6,2,9,22.2,0.225,2,4,50,0.100
Georgia Stars,15U,"Cadien Hudson, Jr",1,3,2,0,0,3,3,0,1,1,1,0.00,1,2,33.3,1,3,33.3,1,1,100,0,2,0,0.667,0,0,0,0.000
PG Elite,15U,Elisey Shaltanov,1,7:20,2,0,2,0,2,0,1,1,0,#DIV/0!,2,2,33.3,1,3,33.3,1,2,50,0,1,0,0.333,0,0,0,0.000
UPLAY,15U,Micheal Nwabuko,1,4:47,2,0,0,1,1,1,0,1,1,0.00,0,2,50,1,2,50,1,1,100,0,1,0,0.500,0,0,0,0.000
AOT,15U,BRYCE CELESTINE,4,16:21,2,0.8,0.8,1.5,2.2,0.5,0.5,1,0.5,1.60,1,8,42.9,3,7,42.9,3,7,42.9,0,0,0,0.000,2,4,50,0.571
Team Thad,15U,Mamadi Sanoh,4,11:39,2,0,2.5,2,4.5,0,1,1,0.5,0.00,1.8,8,26.7,4,15,26.7,4,15,26.7,0,0,0,0.000,0,0,0,0.000
Team Why Not,15U,Jace Jones,10,8:46,2,0.3,0.4,0.5,0.9,0.7,0.2,0.9,0.4,0.75,0.9,20,32,7,25,28,5,8,62.5,2,17,11.8,0.680,4,4,100,0.160
Houston Hoops,15U,Ronnie Davis III,7,12:36,2,0.7,1.3,2.9,4.1,0.4,0.4,0.8,1.1,0.64,1.9,14,33.3,6,18,33.3,6,13,46.2,0,5,0,0.278,2,2,100,0.111
Team CP3,15U,Grant Duggins,4,10:11,2,1.2,1.2,2,3.2,0.2,0.5,0.7,0,#DIV/0!,1,8,60,3,5,60,3,3,100,0,2,0,0.400,2,4,50,0.800
Team United,15U,Brayden Miles,11,10:55,2,0.3,1,1.3,2.3,0.5,0.1,0.6,0.4,0.75,1.1,22,29.2,10,36,27.8,9,24,37.5,1,12,8.3,0.333,1,6,16.7,0.167
Team United,15U,Thomas Hollifield,6,5:03,2,0.2,0.5,1,1.5,0.3,0.3,0.6,0.3,0.67,0.8,12,33.3,3,9,33.3,3,6,50,0,3,0,0.333,6,6,100,0.667
AOT,15U,Soloman Clayton,2,10:59,2,0.5,0.5,0,0.5,0.5,0,0.5,2,0.25,0,4,22.2,2,9,22.2,2,4,50,0,5,0,0.556,0,0,0,0.000
Mac Irvin Fire,15U,Jack Fabian,4,6:37,2,0.2,0.5,0.8,1.2,0.2,0.2,0.4,0.8,0.25,0.5,8,66.7,4,6,66.7,4,6,66.7,0,0,0,0.000,0,0,0,0.000
Team Why Not,15U,Levi Frisch,4,10:54,2,0.2,0,1.8,1.8,0.2,0,0.2,0.5,0.40,1,8,40,3,10,30,1,4,25,2,6,33.3,0.600,0,0,0,0.000
Nightrydas,15U,Adam Hidman,4,5:49,2,0.2,0.2,0.5,0.8,0,0.2,0.2,0.2,1.00,1,8,80,3,5,60,1,2,50,2,3,66.7,0.600,0,0,0,0.000
Oakland Soldiers,15U,Kyle Speed,3,6:58,2,0.3,0.7,1.3,2,0,0,0,0,#DIV/0!,0.3,6,37.5,3,8,37.5,3,6,50,0,2,0,0.250,0,0,0,0.000
Boo Williams,15U,Jarell Hurt,11,10:08,1.9,0.3,0.4,1.5,1.9,0.2,0.3,0.5,0.6,0.50,1.2,21,50,7,14,50,7,14,50,0,0,0,0.000,7,12,58.3,0.857
Team Durant,15U,EZRA RICH,11,6:27,1.9,0.5,0.4,0.2,0.5,0.4,0,0.4,0.8,0.63,0.9,21,34.1,6,22,27.3,3,5,60,3,17,17.6,0.773,6,9,66.7,0.409
Drive Nation,15U,Trenton Rodgers,4,5:57,1.8,0.5,0.5,0.2,0.8,1,0,1,0.8,0.63,1.2,7,83.3,2,3,66.7,1,2,50,1,1,100,0.333,2,4,50,1.333
NW Rotary,15U,Vonchae Richardson,4,11:49,1.8,1.2,0.8,1,1.8,0.5,0,0.5,0.5,2.40,0.5,7,33.3,3,9,33.3,3,7,42.9,0,2,0,0.222,1,3,33.3,0.333
Georgia Stars,15U,Golbert Mbai,4,2:50,1.8,0,1,1,2,0,0.2,0.2,0.2,0.00,0.5,7,50,2,4,50,2,4,50,0,0,0,0.000,3,3,100,0.750
Houston Hoops,15U,Ireoluwakanka Amusan,6,12:45,1.7,0.3,1.5,2.7,4.2,0.7,1.8,2.5,0.8,0.38,2.3,10,31.2,5,16,31.2,5,16,31.2,0,0,0,0.000,0,0,0,0.000
Team Melo,15U,Coleman James,6,10:18,1.7,0.7,0.8,1.8,2.7,0.3,0.5,0.8,0.5,1.40,1.7,10,15.8,3,19,15.8,3,13,23.1,0,6,0,0.316,4,7,57.1,0.368
Mokan,15U,Byron Daniels,11,5:46,1.7,0.4,0.1,0.6,0.7,0.4,0,0.4,0.6,0.67,0.6,19,53.1,7,16,43.8,4,11,36.4,3,5,60,0.313,2,6,33.3,0.375
AOT,15U,William Montgomery,3,9:53,1.7,0.7,0.3,1,1.3,0.3,0,0.3,1.7,0.41,0,5,31.2,2,8,25,1,3,33.3,1,5,20,0.625,0,2,0,0.250
Mac Irvin Fire,15U,Colby Irvin,10,15:18,1.6,1.3,0.6,2.2,2.8,0.9,0,0.9,1.4,0.93,1.9,16,25.9,7,27,25.9,7,21,33.3,0,6,0,0.222,2,5,40,0.185
Mac Irvin Fire,15U,Nikolas Reed,8,10:11,1.6,0.4,0.9,1.5,2.4,0.2,0.6,0.8,1.2,0.33,0.9,13,38.5,5,13,38.5,5,13,38.5,0,0,0,0.000,3,8,37.5,0.615
PSA Cardinals,15U,Yasir Turner,8,5:49,1.6,0.2,0,0.4,0.4,0.4,0,0.4,0.2,1.00,0.5,13,59.1,6,11,54.5,5,8,62.5,1,3,33.3,0.273,0,0,0,0.000
Florida Rebels,15U,Jakai Hardy,10,9:42,1.6,1,0.3,0.4,0.7,0.3,0,0.3,0.4,2.50,1.3,16,46.9,6,16,37.5,3,6,50,3,10,30,0.625,1,2,50,0.125
City Rocks,15U,Josiah Bates,9,4:26,1.6,0.2,0,0.1,0.1,0.2,0,0.2,0.2,1.00,0.6,14,61.1,4,9,44.4,1,3,33.3,3,6,50,0.667,3,3,100,0.333
NY Lightning,15U,David Johnson,4,11:37,1.5,0.8,0.2,2.2,2.5,0.8,0.8,1.6,0,#DIV/0!,1,6,11.1,2,18,11.1,2,10,20,0,8,0,0.444,2,3,66.7,0.167
NY Lightning,15U,Eric Morales,4,9:35,1.5,0.2,0,0.8,0.8,0.8,0.2,1,0.8,0.25,0.5,6,33.3,2,9,22.2,0,2,0,2,7,28.6,0.778,0,0,0,0.000
Florida Rebels,15U,Jamar Taylor,2,12:18,1.5,0.5,1,1.5,2.5,0.5,0.5,1,0,#DIV/0!,1,3,25,1,6,16.7,0,1,0,1,5,20,0.833,0,0,0,0.000
Meanstreets,15U,Jeremiah Weatherford,11,9:43,1.5,0.7,0.3,0.6,0.9,0.6,0.3,0.9,0.8,0.88,1.6,16,42.1,7,19,36.8,5,15,33.3,2,4,50,0.211,0,2,0,0.105
The Family,15U,Kayden Harmon,11,7:40,1.5,0,1.2,1.1,2.3,0.3,0.4,0.7,0.5,0.00,0.8,17,27.3,6,22,27.3,6,22,27.3,0,0,0,0.000,5,10,50,0.455
Vegas Elite,15U,Elijah Booker,11,9:28,1.5,0.8,0.8,0.3,1.1,0.5,0,0.5,0.4,2.00,0.6,16,46.9,6,16,37.5,3,8,37.5,3,8,37.5,0.500,1,2,50,0.125
Oakland Soldiers,15U,Jack Laptalo,8,8:52,1.5,0.2,0.4,0.6,1,0.4,0.1,0.5,0.6,0.33,0.8,12,37.5,5,16,31.2,3,8,37.5,2,8,25,0.500,0,0,0,0.000
Expressions ,15U,Sekou Toure,4,9:03,1.5,0.8,0.5,0.8,1.2,0.5,0,0.5,1,0.80,1.2,6,60,3,5,60,3,3,100,0,2,0,0.400,0,0,0,0.000
Team Melo,15U,victor Gray,10,6:25,1.5,0.4,0.4,0.7,1.1,0.3,0.1,0.4,0.4,1.00,1,15,35.3,6,17,35.3,6,16,37.5,0,1,0,0.059,3,6,50,0.353
Legynds,15U,Timothy Young,4,8:48,1.5,1,0.2,1.8,2,0.2,0,0.2,0.8,1.25,1,6,33.3,3,9,33.3,3,4,75,0,5,0,0.556,0,0,0,0.000
Mokan,15U,Isaiah Sayles,10,7:21,1.5,0.4,1.3,0.7,2,0,0.2,0.2,0.6,0.67,0.9,15,54.2,6,12,50,5,11,45.5,1,1,100,0.083,2,6,33.3,0.500
Team Herro,15U,Gabe Whited,4,7:41,1.5,0.5,0.8,0.8,1.5,0.2,0,0.2,1,0.50,0.8,6,60,3,5,60,3,4,75,0,1,0,0.200,0,0,0,0.000
JL3,15U,Jayden Spriggs,7,7:21,1.4,0.4,0.4,1,1.4,0.9,0.1,1,1.1,0.36,1.1,10,62.5,5,8,62.5,5,8,62.5,0,0,0,0.000,0,4,0,0.500
Mokan,15U,Dominic Milliren,10,5:05,1.4,0.3,0.7,0.7,1.4,0.3,0.2,0.5,0.2,1.50,0.3,14,27.3,5,22,22.7,3,16,18.8,2,6,33.3,0.273,2,2,100,0.091
Boo Williams,15U,Jabril Scott,12,10:26,1.4,0.2,1.2,1.8,3,0.3,0.2,0.5,0.4,0.50,1,17,35,7,20,35,7,20,35,0,0,0,0.000,3,4,75,0.200
AB Elite,15U,James Cook,8,4:35,1.4,0.4,0,0.2,0.2,0.4,0,0.4,0.4,1.00,0.2,11,31.2,4,16,25,2,7,28.6,2,9,22.2,0.563,1,4,25,0.250
Utah Prospects,15U,Brayden James,11,4:46,1.4,0.1,0.3,0.7,1,0.3,0,0.3,0.4,0.25,0.8,15,39.3,5,14,35.7,4,10,40,1,4,25,0.286,4,4,100,0.286
UPLAY,15U,Matteo Matevski,10,6:06,1.4,0.2,0.1,0.7,0.8,0.1,0.1,0.2,0.7,0.29,0.3,14,54.5,5,11,45.5,3,4,75,2,7,28.6,0.636,2,4,50,0.364
Legynds,15U,Marquis Fleming,12,7:48,1.3,0.4,0.3,0.8,1.1,0.7,0.2,0.9,0.4,1.00,0.7,16,25,4,18,22.2,3,13,23.1,1,5,20,0.278,7,8,87.5,0.444
Nightrydas,15U,Tyler Forman,7,5:06,1.3,0.1,0.1,0.3,0.4,0.7,0,0.7,0.4,0.25,0.4,9,66.7,3,6,50,1,3,33.3,2,3,66.7,0.500,1,2,50,0.333
PG Elite,15U,Andrew Diaz,3,8:13,1.3,0.7,1,0.3,1.3,0.7,0,0.7,0,#DIV/0!,1.3,4,50,2,4,50,2,3,66.7,0,1,0,0.250,0,0,0,0.000
NY Lightning,15U,Malik Sonko,12,7:46,1.3,0.2,0.8,0.9,1.7,0.4,0.2,0.6,0.4,0.50,0.2,16,45.5,5,11,45.5,5,11,45.5,0,0,0,0.000,6,13,46.2,1.182
PG Elite,15U,Elijas Malinauskas,3,8:19,1.3,0.3,2,0.7,2.7,0.3,0,0.3,0.3,1.00,2,4,25,2,8,25,2,5,40,0,3,0,0.375,0,0,0,0.000
AOT,15U,Oghenetega Dubre,3,14:27,1.3,0.7,1.7,1.7,3.3,0,0.3,0.3,0.3,2.33,1.7,4,28.6,2,7,28.6,2,5,40,0,2,0,0.286,0,2,0,0.286
NW Rotary,15U,Desmond Aniagyei,3,5:35,1.3,0,1.3,2,3.3,0,0,0,0.7,0.00,0.7,4,50,2,4,50,2,4,50,0,0,0,0.000,0,0,0,0.000
UPLAY,15U,Makai Morgan,12,13:21,1.2,0.3,1.4,3.6,5,0.4,1.2,1.6,1.2,0.25,1.8,15,15.8,2,19,10.5,0,14,0,2,5,40,0.263,9,16,56.2,0.842
Georgia Stars,15U,Calvin Goss IV,4,13:36,1.2,1.5,1,0.5,1.5,1.2,0.2,1.4,1.5,1.00,1,5,25,2,10,20,1,6,16.7,1,4,25,0.400,0,0,0,0.000
Team Melo,15U,Luke Arulefela,11,8:36,1.2,1,0.4,1.4,1.7,0.7,0,0.7,0.7,1.43,1.2,13,19.6,4,23,17.4,3,16,18.8,1,7,14.3,0.304,4,12,33.3,0.522
Team Thad,15U,Ricky Moore,6,6:30,1.2,0.7,0.2,0.5,0.7,0.3,0,0.3,0.3,2.33,0.2,7,33.3,2,6,33.3,2,3,66.7,0,3,0,0.500,3,5,60,0.833
Team Melo,15U,Jaliel Spears,7,8:09,1.1,0.1,0.4,1.1,1.6,0.9,0.4,1.3,0.6,0.17,1.6,8,50,4,8,50,4,8,50,0,0,0,0.000,0,1,0,0.125
Team Herro,15U,Kellan Larkin,10,8:03,1.1,0.5,0.7,0.9,1.6,0.6,0.1,0.7,0.3,1.67,0.9,11,32.1,4,14,28.6,3,8,37.5,1,6,16.7,0.429,2,3,66.7,0.214
AB Elite,15U,Jaxon Nordyke,11,8:12,1.1,0.7,0.1,0.7,0.8,0.5,0,0.5,0.5,1.40,1.1,12,38.9,3,9,33.3,2,4,50,1,5,20,0.556,5,5,100,0.556
Houston Hoops,15U,R'Monie Edwards,7,6:26,1.1,0.4,0.6,1.6,2.1,0.1,0.4,0.5,0.6,0.67,1.7,8,40,4,10,40,4,10,40,0,0,0,0.000,0,3,0,0.300
Oakland Soldiers,15U,Rashaan Shehee,7,11:12,1,1.6,0.1,1,1.1,1,0,1,1.1,1.45,1.1,7,38.9,3,9,33.3,2,5,40,1,4,25,0.444,0,2,0,0.222
NW Rotary,15U,Dez Aniagyei,4,8:21,1,0.2,1.5,1.2,2.8,0,0.8,0.8,0.2,1.00,0,4,28.6,2,7,28.6,2,7,28.6,0,0,0,0.000,0,2,0,0.286
NJ Scholars,15U,Jacob Wisniowski,4,10:11,1,0.5,0.2,1.2,1.5,0.5,0.2,0.7,0.2,2.50,0.8,4,20,1,5,20,1,5,20,0,0,0,0.000,2,2,100,0.400
NJ Scholars,15U,Jacob Robert Wisniowski,7,6:51,1,0.3,0.9,1.3,2.1,0.4,0.1,0.5,0.6,0.50,0.7,7,58.3,3,6,50,2,4,50,1,2,50,0.333,0,0,0,0.000
AOT,15U,Caden Gildon,2,14:08,1,0.5,0.5,0,0.5,0.5,0,0.5,1,0.50,0,2,20,1,5,20,1,4,25,0,1,0,0.200,0,0,0,0.000
Boo Williams,15U,Mamadi Sanoh,4,4:07,1,0,0.8,0.2,1,0.2,0.2,0.4,0.2,0.00,1.2,4,40,2,5,40,2,5,40,0,0,0,0.000,0,0,0,0.000
Team Herro,15U,Shane Lunford,4,10:50,1,0.2,0,0.5,0.5,0,0,0,1,0.20,0.8,4,20,2,10,20,2,7,28.6,0,3,0,0.300,0,0,0,0.000
AZ Unity,15U,Jakobe Ross,1,5:26,1,0,1,0,1,0,0,0,0,#DIV/0!,0,1,0,0,2,0,0,0,0,0,2,0,1.000,1,2,50,1.000
Mac Irvin Fire,15U,Alvin Robinson III,2,5:11,1,0.5,0,0,0,0,0,0,1,0.50,0.5,2,33.3,1,3,33.3,1,2,50,0,1,0,0.333,0,0,0,0.000
Florida Rebels,15U,Dante Rivers,10,3:54,0.9,0.3,0.2,0.6,0.8,0.3,0.1,0.4,0.3,1.00,0.5,9,45,3,10,30,0,1,0,3,9,33.3,0.900,0,0,0,0.000
Drive Nation,15U,Shiloh Shields,7,3:26,0.9,0,0.3,0.6,0.9,0.1,0.3,0.4,0,#DIV/0!,0.7,6,42.9,3,7,42.9,3,7,42.9,0,0,0,0.000,0,0,0,0.000
PSA Cardinals,15U,Anthony Blackmon,7,3:16,0.9,0,0.1,0.3,0.4,0.3,0,0.3,0.3,0.00,0.7,6,31.2,2,8,25,1,5,20,1,3,33.3,0.375,1,2,50,0.250
Team Why Not,15U,mook Kaffey,4,5:23,0.8,0.5,0,0.5,0.5,0.8,0.2,1,1,0.50,0.2,3,25,1,6,16.7,0,0,0,1,6,16.7,1.000,0,0,0,0.000
LivOn,15U,Brennon Moreno,5,10:08,0.8,0,0.4,1.6,2,0,0.4,0.4,0.4,0.00,0.6,4,40,2,5,40,2,4,50,0,1,0,0.200,0,0,0,0.000
Team Why Not,15U,Levi Wolfgang Frisch,3,7:06,0.7,0,1,0.3,1.3,0,0.3,0.3,0.7,0.00,1.3,2,20,1,5,20,1,2,50,0,3,0,0.600,0,0,0,0.000
Team Herro,15U,Nick Gyill,3,5:23,0.7,0.7,0.7,1.3,2,0.3,0,0.3,1,0.70,0.3,2,0,0,2,0,0,2,0,0,0,0,0.000,2,2,100,1.000
NY Rens,15U,Joden Bolling,6,2:44,0.7,0.2,0.3,0.3,0.7,0.2,0,0.2,0.3,0.67,0,4,28.6,2,7,28.6,2,6,33.3,0,1,0,0.143,0,0,0,0.000
AOT,15U,Jace Orivabor,3,4:16,0.7,0,0.7,1,1.7,0,0,0,0,#DIV/0!,1.7,2,50,1,2,50,1,2,50,0,0,0,0.000,0,0,0,0.000
Team Why Not,15U,Azike Nwankwo,3,3:16,0.7,0,0.3,0.7,1,0,0,0,1,0.00,0.3,2,100,1,1,100,1,1,100,0,0,0,0.000,0,0,0,0.000
The Family,15U,Kobe Drake,3,2:38,0.7,0,0.3,0.3,0.7,0,0,0,0,#DIV/0!,0,2,50,1,2,50,1,2,50,0,0,0,0.000,0,0,0,0.000
NW Rotary,15U,Vonchae Richardson,7,5:55,0.6,0.6,0.3,0.6,0.9,0.3,0.1,0.4,0.3,2.00,0.9,4,22.2,2,9,22.2,2,6,33.3,0,3,0,0.333,0,0,0,0.000
Meanstreets,15U,John Brown IV,8,1:11,0.6,0,0.4,0.1,0.5,0,0,0,0.1,0.00,0.2,5,150,1,1,100,0,0,0,1,1,100,1.000,2,2,100,2.000
Indy Heat,15U,Qwayland Howard,4,8:33,0.5,0,0.8,1.2,2,0,1.2,1.2,0.8,0.00,1,2,20,1,5,20,1,5,20,0,0,0,0.000,0,2,0,0.400
The Family,15U,King Pierce-Black,4,8:08,0.5,0,0.5,0.8,1.2,0,1.2,1.2,0.8,0.00,0.8,2,50,1,2,50,1,2,50,0,0,0,0.000,0,2,0,1.000
Indy Heat,15U,Dwayland Howard,4,14:36,0.5,0,0.2,2,2.2,0,0.8,0.8,0.5,0.00,2.8,2,0,0,2,0,0,2,0,0,0,0,0.000,2,4,50,2.000
Boo Williams,15U,Alseny Keita,4,5:17,0.5,0,1,0.8,1.8,0,0.2,0.2,0,#DIV/0!,0.8,2,20,1,5,20,1,5,20,0,0,0,0.000,0,0,0,0.000
Team Why Not,15U,Thomas Duncan,7,4:02,0.4,0.1,0.1,0.4,0.6,0.1,0,0.1,0.3,0.33,0.1,3,13.6,1,11,9.1,0,3,0,1,8,12.5,0.727,0,0,0,0.000
Team Why Not,15U,Ethan Frank,3,8:40,0.3,0.7,0.7,0.7,1.3,0.3,0.3,0.6,0,#DIV/0!,2,1,0,0,3,0,0,2,0,0,1,0,0.333,1,2,50,0.667
AOT,15U,Xavier Evans,6,6:25,0.3,0.3,0.3,1.2,1.5,0.2,0.2,0.4,0.3,1.00,0.5,2,25,1,4,25,1,4,25,0,0,0,0.000,0,1,0,0.250
Drive Nation,15U,Chase Davis,7,5:22,0.3,0,0.4,0.7,1.1,0.1,0,0.1,0,#DIV/0!,0.7,2,0,0,5,0,0,4,0,0,1,0,0.200,2,2,100,0.400
Meanstreets,15U,Tristen Adams,6,1:21,0.3,0,0.2,0.2,0.3,0,0,0,0,#DIV/0!,0.5,2,50,1,2,50,1,2,50,0,0,0,0.000,0,0,0,0.000
Drive Nation,15U,Cannen Brunson,8,4:29,0.2,0.1,0.1,0.9,1,0,0,0,0.2,0.50,1,2,16.7,1,6,16.7,1,5,20,0,1,0,0.167,0,4,0,0.667
Georgia Stars,15U,Majok Mayuen,1,6:50,0,0,2,1,3,1,0,1,2,0.00,1,0,0,0,2,0,0,1,0,0,1,0,0.500,0,0,0,0.000
Georgia Stars,15U,Majok Mayuen,1,8:51,0,0,0,2,2,1,0,1,1,0.00,0,0,0,0,0,0,0,0,0,0,0,0,#DIV/0!,0,0,0,#DIV/0!
NJ Scholars,15U,Ahmad Cook,1,8:34,0,0,0,1,1,0,1,1,0,#DIV/0!,1,0,0,0,0,0,0,0,0,0,0,0,#DIV/0!,0,0,0,#DIV/0!
Team Thad,15U,T Maxwell,1,2:22,0,0,0,0,0,1,0,1,0,#DIV/0!,0,0,0,0,0,0,0,0,0,0,0,0,#DIV/0!,0,0,0,#DIV/0!
Boo Williams,15U,Alseny Keita,2,3:00,0,0,0,1,1,0,0.5,0.5,0,#DIV/0!,0,0,0,0,1,0,0,1,0,0,0,0,0.000,0,0,0,0.000
JL3,15U,Jeremiah Humphries,3,7:26,0,0,0.7,0.3,1,0.3,0,0.3,0,#DIV/0!,1.7,0,0,0,3,0,0,1,0,0,2,0,0.667,0,0,0,0.000
Legynds,15U,Kaimen Robinson,3,2:36,0,0,0.3,0,0.3,0.3,0,0.3,0,#DIV/0!,0,0,0,0,2,0,0,2,0,0,0,0,0.000,0,0,0,0.000
Brad Beal Elite,15U,Cooper McManaway,4,2:24,0,0,0.2,0.5,0.8,0.2,0,0.2,0.2,0.00,0.5,0,0,0,2,0,0,0,0,0,2,0,1.000,0,0,0,0.000
Team Herro,15U,Reymundo Garibay,6,5:53,0,0.3,0.3,0.3,0.7,0.2,0,0.2,0,#DIV/0!,0,0,0,0,4,0,0,2,0,0,2,0,0.500,0,0,0,0.000
Legynds,15U,Cameron Collins,3,2:04,0,0,0,0,0,0,0,0,0.3,0.00,0.3,0,0,0,2,0,0,0,0,0,2,0,1.000,0,0,0,0.000
All Ohio,15U,Cam Johnson,1,13:20,0,0,0,0,0,0,0,0,2,0.00,0,0,0,0,2,0,0,1,0,0,1,0,0.500,0,0,0,0.000
Georgia Stars,15U,Luka Kokoskov,1,0:35,0,0,0,0,0,0,0,0,0,#DIV/0!,0,0,0,0,1,0,0,0,0,0,1,0,1.000,0,0,0,0.000
Jet Academy,15U,Brayden Wise,1,5,0,2,0,0,0,0,0,0,0,#DIV/0!,0,0,0,0,1,0,0,0,0,0,1,0,1.000,0,0,0,0.000
NY Lightning,15U,Anthony Elor,1,2:53,0,0,0,0,0,0,0,0,1,0.00,0,0,0,0,1,0,0,0,0,0,1,0,1.000,0,0,0,0.000
Team Durant,15U,Coleman Jones,2,4:28,0,0.5,0,0,0,0,0,0,0,#DIV/0!,1.5,0,0,0,2,0,0,1,0,0,1,0,0.500,0,0,0,0.000
Boo Williams,15U,M. Donzo,1,9:34,0,0,1,0,1,0,0,0,2,0.00,4,0,0,0,1,0,0,1,0,0,0,0,0.000,0,0,0,0.000
AB Elite,15U,Andrew Wasserman,5,1:43,0,0.2,0,0.6,0.6,0,0,0,0,0.00,0.6,0,0,0,0,0,0,0,0,0,0,0,#DIV/0!,0,0,0,#DIV/0!
Georgia Stars,15U,Brayden Wise,1,0:35,0,0,0,0,0,0,0,0,0,#DIV/0!,2,0,0,0,0,0,0,0,0,0,0,0,#DIV/0!,0,0,0,#DIV/0!
Georgia Stars,15U,Makari Townsend,1,0:35,0,0,0,0,0,0,0,0,0,#DIV/0!,0,0,0,0,0,0,0,0,0,0,0,0,#DIV/0!,0,0,0,#DIV/0!
Jet Academy,15U,Bre Cret,1,4:26,0,1,0,0,0,0,0,0,1,1.00,1,0,0,0,0,0,0,0,0,0,0,0,#DIV/0!,0,0,0,#DIV/0!
Team Melo,15U,Kaleb Haysbert,2,0:56,0,0,0,0,0,0,0,0,0,#DIV/0!,0,0,0,0,0,0,0,0,0,0,0,0,#DIV/0!,0,0,0,#DIV/0!
UPLAY,15U,Lucas Zhong,1,1:27,0,0,0,0,0,0,0,0,1,0.00,0,0,0,0,0,0,0,0,0,0,0,0,#DIV/0!,0,0,0,#DIV/0!