Team,Division,Player,Games,POSS ,PTS,PPP,AST,TO,TO%,AST/TO,FG MADE,FG MISS,FG ATT,FG%,EFG%,TS%,TSA,2 FG MADE,2 FG MISS,2 FG ATT,2 FG%,3 FG MADE,3 FG MISS,3 FG ATT,3FG%,3PA/FGA,FT ATT,FT MADE,FT MISS,FT%,%FT,FTA/FGA,AND-ONE,AND-ONE %,SCORE%,SF,%SF,TOT REB,OFF REB,DEF REB,STL,STL POS,STL/TO,BLK,BLK FGA,BLK FGA/FGA,STL+BLK,PF TKN,PF COM,BLK/FOUL,GM SCORE,DBL-DBL,TRI-DBL
4:44 Athletics,16U,Lincoln Cosby,14,245,213,0.869,20,37,15.10%,0.54,80,104,184,43.50%,48.60%,51.60%,206,61,59,120,50.80%,19,45,64,29.70%,0.35,51,34,17,66.70%,12.70%,0.28,5,2.00%,40.80%,24,9.80%,58,21,37,11,25,0.3,11,5,0.03,22,40,20,0.55,122.9,0,0
Sipp United,16U,Deshawn Dillon,11,200,222,1.11,21,26,13.00%,0.81,64,73,137,46.70%,55.10%,63.50%,175,41,39,80,51.30%,23,34,57,40.40%,0.42,86,71,15,82.60%,23.00%,0.63,6,3.00%,51.50%,36,18.00%,59,16,43,16,19,0.62,4,2,0.01,20,54,22,0.18,168.5,1,0
Team CPSA,16U,Devaughn Dorrough,12,181,175,0.967,21,28,15.50%,0.75,68,60,128,53.10%,55.50%,56.30%,155,62,48,110,56.40%,6,12,18,33.30%,0.14,62,33,29,53.20%,20.40%,0.48,8,4.40%,49.70%,30,16.60%,90,37,53,15,20,0.54,19,13,0.1,34,45,24,0.79,148.2,1,0
Team Haliburton,16U,Howard Williams,8,181,165,0.912,15,29,16.00%,0.52,52,71,123,42.30%,47.60%,54.60%,151,39,48,87,44.80%,13,23,36,36.10%,0.29,64,48,16,75.00%,21.00%,0.52,9,5.00%,42.00%,27,14.90%,72,26,46,4,16,0.14,9,6,0.05,13,55,18,0.5,109.9,4,0
Southern Ties,16U,Dawson Battie,10,175,157,0.897,16,20,11.40%,0.8,59,82,141,41.80%,45.00%,49.90%,157,50,49,99,50.50%,9,33,42,21.40%,0.3,37,30,7,81.10%,12.60%,0.26,8,4.60%,41.10%,21,12.00%,86,25,61,13,9,0.65,8,6,0.04,21,32,18,0.44,117.5,5,0
4:44 Athletics,16U,Evan Toms,14,172,168,0.977,14,22,12.80%,0.64,61,62,123,49.60%,50.00%,55.40%,152,60,61,121,49.60%,1,1,2,50.00%,0.02,65,45,20,69.20%,22.70%,0.53,10,5.80%,50.00%,30,17.40%,101,55,46,7,12,0.32,19,15,0.12,26,49,24,0.79,149.1,4,0
As Promised ,16U,Zion Green,9,162,170,1.049,19,24,14.80%,0.79,61,56,117,52.10%,55.10%,61.30%,139,54,37,91,59.30%,7,19,26,26.90%,0.22,49,41,8,83.70%,17.90%,0.42,8,4.90%,50.00%,27,16.70%,69,22,47,6,18,0.25,5,3,0.03,11,37,23,0.22,128.4,2,0
Select Basketball,16U,Jordan Carlson,13,158,168,1.063,25,21,13.30%,1.19,65,56,121,53.70%,57.90%,61.20%,137,55,37,92,59.80%,10,19,29,34.50%,0.24,37,28,9,75.70%,12.70%,0.31,4,2.50%,50.60%,18,11.40%,54,20,34,15,16,0.71,23,6,0.05,38,34,12,1.92,152.7,0,0
TME ,16U,Aaron Britt,8,156,121,0.776,38,16,10.30%,2.38,37,75,112,33.00%,37.50%,43.70%,138,27,33,60,45.00%,10,42,52,19.20%,0.46,60,37,23,61.70%,20.50%,0.54,0,0.00%,40.40%,21,13.50%,35,9,26,9,8,0.56,1,5,0.04,10,33,16,0.06,76.2,0,0
Team CPSA,16U,Grayson Coleman,11,150,125,0.833,57,25,16.70%,2.28,43,74,117,36.80%,48.30%,50.40%,124,16,38,54,29.60%,27,36,63,42.90%,0.54,16,12,4,75.00%,6.00%,0.14,1,0.70%,32.70%,5,3.30%,40,9,31,19,20,0.76,4,7,0.06,23,21,20,0.2,103,0,0
3D Empire,16U,Bryant Robinson,8,143,148,1.035,14,16,11.20%,0.88,54,61,115,47.00%,59.10%,59.10%,125,26,23,49,53.10%,28,38,66,42.40%,0.57,23,12,11,52.20%,10.50%,0.2,3,2.10%,42.70%,9,6.30%,28,6,22,14,9,0.88,1,5,0.04,15,20,16,0.06,97.6,0,0
Team Ish,16U,Travien Williams,9,137,114,0.832,32,22,16.10%,1.45,39,55,94,41.50%,43.60%,49.30%,116,35,41,76,46.10%,4,14,18,22.20%,0.19,49,32,17,65.30%,20.40%,0.52,7,5.10%,42.30%,26,19.00%,51,20,31,18,13,0.82,1,11,0.12,19,36,33,0.03,86.2,1,0
Sipp United,16U,David Verdell,11,137,121,0.883,15,28,20.40%,0.54,47,43,90,52.20%,53.90%,56.00%,108,44,32,76,57.90%,3,11,14,21.40%,0.16,41,24,17,58.50%,16.80%,0.46,4,2.90%,46.00%,19,13.90%,63,21,42,12,18,0.43,9,6,0.07,21,31,21,0.43,89.7,1,0
Team Ish,16U,Parker Watkins,9,134,130,0.97,21,11,8.20%,1.91,47,68,115,40.90%,48.70%,51.80%,126,29,24,53,54.70%,18,44,62,29.00%,0.54,24,18,6,75.00%,11.90%,0.21,2,1.50%,44.00%,10,7.50%,28,7,21,9,6,0.82,3,3,0.03,12,14,17,0.18,85.1,0,0
Team CPSA,16U,Tayshaun Bozeman,11,130,112,0.862,31,25,19.20%,1.24,42,57,99,42.40%,52.00%,53.50%,105,23,26,49,46.90%,19,31,50,38.00%,0.51,13,9,4,69.20%,5.40%,0.13,1,0.80%,36.20%,7,5.40%,33,10,23,16,15,0.64,3,6,0.06,19,20,23,0.13,77.4,0,0
TME ,16U,Jomar Bernard,8,129,104,0.806,14,19,14.70%,0.74,39,57,96,40.60%,45.30%,47.60%,109,30,33,63,47.60%,9,24,33,27.30%,0.34,30,17,13,56.70%,12.40%,0.31,2,1.60%,39.50%,11,8.50%,46,12,34,19,10,1,7,8,0.08,26,23,31,0.23,68.1,0,0
MPJ Elite,16U,Brandon Rooks,8,126,127,1.008,24,15,11.90%,1.6,46,58,104,44.20%,55.30%,57.20%,111,23,24,47,48.90%,23,34,57,40.40%,0.55,16,12,4,75.00%,7.10%,0.15,0,0.00%,42.90%,6,4.80%,24,11,13,9,10,0.6,0,6,0.06,9,12,8,0,90.2,0,0
Cooz Elite,16U,Reese Alston,8,120,119,0.992,28,12,10.00%,2.33,45,48,93,48.40%,51.10%,55.10%,108,40,30,70,57.10%,5,18,23,21.70%,0.25,34,24,10,70.60%,16.70%,0.37,5,4.20%,48.30%,15,12.50%,30,13,17,26,6,2.17,4,7,0.08,30,27,9,0.44,114.9,0,0
1Family,16U,Terrance Walker,8,120,99,0.825,35,20,16.70%,1.75,34,56,90,37.80%,47.20%,49.90%,99,17,21,38,44.70%,17,35,52,32.70%,0.58,21,14,7,66.70%,9.20%,0.23,1,0.80%,36.70%,9,7.50%,23,5,18,11,12,0.55,3,4,0.04,14,20,10,0.3,69.3,0,0
TME ,16U,Gabe Grimsley,8,120,98,0.817,13,15,12.50%,0.87,34,57,91,37.40%,40.10%,46.40%,106,29,39,68,42.60%,5,18,23,21.70%,0.25,33,25,8,75.80%,15.80%,0.36,5,4.20%,39.20%,15,12.50%,24,7,17,13,13,0.87,0,9,0.1,13,29,12,0,57,0,0
Louisiana Elite,16U,Peyton Parker,7,114,72,0.632,9,15,13.20%,0.6,28,65,93,30.10%,33.30%,36.50%,99,22,38,60,36.70%,6,27,33,18.20%,0.35,13,10,3,76.90%,6.10%,0.14,1,0.90%,29.80%,7,6.10%,19,7,12,4,8,0.27,1,7,0.08,5,16,8,0.13,18.2,0,0
4:44 Athletics,16U,Micah Goodlow,14,110,98,0.891,22,13,11.80%,1.69,35,52,87,40.20%,47.10%,49.60%,99,23,28,51,45.10%,12,24,36,33.30%,0.41,27,16,11,59.30%,13.60%,0.31,1,0.90%,42.70%,9,8.20%,30,7,23,12,11,0.92,1,5,0.06,13,14,13,0.08,68.4,0,0
Sipp United,16U,Braxton Wardd,10,110,92,0.836,18,17,15.50%,1.06,34,48,82,41.50%,47.00%,49.50%,93,25,27,52,48.10%,9,21,30,30.00%,0.37,25,15,10,60.00%,11.80%,0.3,2,1.80%,39.10%,13,11.80%,21,8,13,14,9,0.82,4,5,0.06,18,15,16,0.25,59.7,0,0
Southern Ties,16U,Nate Lyon,10,109,87,0.798,25,24,22.00%,1.04,31,50,81,38.30%,50.00%,51.50%,85,12,7,19,63.20%,19,43,62,30.60%,0.77,8,6,2,75.00%,4.60%,0.1,1,0.90%,32.10%,2,1.80%,22,7,15,15,16,0.63,1,1,0.01,16,10,22,0.05,51.7,0,0
4:44 Athletics,16U,Romelo Hill,14,108,70,0.648,44,33,30.60%,1.33,23,41,64,35.90%,41.40%,46.40%,75,16,19,35,45.70%,7,22,29,24.10%,0.45,26,17,9,65.40%,14.80%,0.41,1,0.90%,30.60%,6,5.60%,31,7,24,17,20,0.52,0,4,0.06,17,17,9,0,54.1,0,0
Team CPSA,16U,Augustus Sugarman,12,108,79,0.731,17,22,20.40%,0.77,27,56,83,32.50%,44.00%,45.70%,87,8,9,17,47.10%,19,47,66,28.80%,0.8,8,6,2,75.00%,4.60%,0.1,2,1.90%,27.80%,5,4.60%,34,6,28,7,13,0.32,3,3,0.04,10,9,10,0.3,38.5,0,0
MPJ Elite,16U,Joelle Rover,8,105,85,0.81,11,22,21.00%,0.5,32,42,74,43.20%,48.60%,51.90%,82,24,24,48,50.00%,8,18,26,30.80%,0.35,18,13,5,72.20%,8.60%,0.24,0,0.00%,38.10%,9,8.60%,32,14,18,6,10,0.27,4,9,0.12,10,13,19,0.21,46.1,0,0
Select Basketball,16U,Cameron Walls,13,101,74,0.733,33,27,26.70%,1.22,24,39,63,38.10%,45.20%,50.30%,74,15,18,33,45.50%,9,21,30,30.00%,0.48,24,17,7,70.80%,12.90%,0.38,0,0.00%,35.60%,6,5.90%,32,7,25,11,23,0.41,1,4,0.06,12,19,13,0.08,51.7,0,0
Select Basketball,16U,Eli Hopkins,13,99,107,1.081,21,16,16.20%,1.31,45,30,75,60.00%,62.70%,64.50%,83,41,20,61,67.20%,4,10,14,28.60%,0.19,18,13,5,72.20%,11.10%,0.24,3,3.00%,52.50%,5,5.10%,73,18,55,11,12,0.69,10,3,0.04,21,22,25,0.4,106.3,0,0
Select Basketball,16U,Elijah Thompson,13,98,90,0.918,48,26,26.50%,1.85,29,32,61,47.50%,59.00%,62.10%,72,15,17,32,46.90%,14,15,29,48.30%,0.48,26,18,8,69.20%,14.30%,0.43,2,2.00%,38.80%,5,5.10%,35,2,33,16,19,0.62,1,4,0.07,17,15,14,0.07,85.7,0,0
Team CPSA,16U,Seki Bamani,12,98,82,0.837,13,11,11.20%,1.18,33,53,86,38.40%,45.30%,46.70%,88,21,10,31,67.70%,12,43,55,21.80%,0.64,4,4,0,100.00%,3.10%,0.05,0,0.00%,36.70%,1,1.00%,56,20,36,7,7,0.64,5,2,0.02,12,1,15,0.33,62.4,0,0
4:44 Athletics,16U,Collin Robinson,12,97,93,0.959,18,16,16.50%,1.13,27,37,64,42.20%,49.20%,56.70%,82,18,22,40,45.00%,9,15,24,37.50%,0.38,41,30,11,73.20%,25.80%,0.64,2,2.10%,47.40%,10,10.30%,37,7,30,11,11,0.69,1,2,0.03,12,22,8,0.13,73.6,0,0
YGC,16U,Christopher Hunt Jr,8,95,81,0.853,32,12,12.60%,2.67,28,47,75,37.30%,44.00%,48.60%,83,18,31,49,36.70%,10,16,26,38.50%,0.35,19,15,4,78.90%,11.60%,0.25,3,3.20%,36.80%,9,9.50%,33,3,30,8,9,0.67,4,4,0.05,12,15,7,0.57,67.6,0,0
4:44 Athletics,16U,Braydon Langston,14,95,74,0.779,11,15,15.80%,0.73,29,34,63,46.00%,46.80%,47.20%,78,28,26,54,51.90%,1,8,9,11.10%,0.14,35,15,20,42.90%,22.10%,0.56,2,2.10%,43.20%,9,9.50%,71,20,51,13,9,0.87,18,2,0.03,31,18,22,0.82,72.3,0,0
Team Scoot,16U,Michael Rowe,7,95,82,0.863,7,16,16.80%,0.44,31,36,67,46.30%,47.00%,51.10%,80,30,32,62,48.40%,1,4,5,20.00%,0.07,30,19,11,63.30%,18.90%,0.45,4,4.20%,45.30%,16,16.80%,49,22,27,6,9,0.38,13,6,0.09,19,17,7,1.86,67.8,1,0
Sipp United,16U,Jordan Samuel,11,93,62,0.667,37,23,24.70%,1.61,23,37,60,38.30%,41.70%,45.30%,68,19,30,49,38.80%,4,7,11,36.40%,0.18,19,12,7,63.20%,12.90%,0.32,0,0.00%,32.30%,4,4.30%,25,7,18,11,17,0.48,0,8,0.13,11,18,19,0,43,0,0
SA Future,16U,Jacob Padilla,6,92,77,0.837,20,21,22.80%,0.95,28,36,64,43.80%,50.00%,53.50%,72,20,26,46,43.50%,8,10,18,44.40%,0.28,18,13,5,72.20%,12.00%,0.28,3,3.30%,39.10%,6,6.50%,35,7,28,14,15,0.67,2,8,0.13,16,17,16,0.13,56.7,0,0
As Promised ,16U,Kevin Benson III,9,91,59,0.648,5,24,26.40%,0.21,18,43,61,29.50%,38.50%,43.90%,67,7,17,24,29.20%,11,26,37,29.70%,0.61,14,12,2,85.70%,8.80%,0.23,1,1.10%,26.40%,4,4.40%,31,5,26,2,14,0.08,0,3,0.05,2,12,12,0,10.7,0,0
3D Empire,16U,Brandon Lohmann,8,89,62,0.697,19,12,13.50%,1.58,22,52,74,29.70%,37.80%,40.20%,77,10,8,18,55.60%,12,44,56,21.40%,0.76,7,6,1,85.70%,4.50%,0.09,1,1.10%,28.10%,3,3.40%,18,3,15,14,6,1.17,0,3,0.04,14,7,21,0,32.1,0,0
4:44 Athletics,16U,Mekhi Allen,14,89,72,0.809,15,17,19.10%,0.88,24,40,64,37.50%,43.80%,49.20%,73,16,13,29,55.20%,8,27,35,22.90%,0.55,21,16,5,76.20%,12.40%,0.33,3,3.40%,34.80%,11,12.40%,45,18,27,5,8,0.29,6,0,0,11,12,21,0.29,49.8,0,0
Select Basketball,16U,Orland Axton,13,89,73,0.82,11,14,15.70%,0.79,27,42,69,39.10%,46.40%,48.80%,75,17,12,29,58.60%,10,30,40,25.00%,0.58,13,9,4,69.20%,7.90%,0.19,1,1.10%,37.10%,4,4.50%,28,10,18,1,9,0.07,5,5,0.07,6,9,13,0.38,39.3,0,0
Nebraska Supreme,16U,Shane Holen,8,88,98,1.114,22,12,13.60%,1.83,38,24,62,61.30%,62.10%,65.50%,75,37,19,56,66.10%,1,5,6,16.70%,0.1,29,21,8,72.40%,18.20%,0.47,2,2.30%,56.80%,9,10.20%,45,17,28,19,7,1.58,7,5,0.08,26,19,13,0.54,109,0,0
Select Basketball,16U,Kaden Rogers,13,88,68,0.773,17,15,17.00%,1.13,28,38,66,42.40%,45.50%,46.80%,73,24,20,44,54.50%,4,18,22,18.20%,0.33,15,8,7,53.30%,9.10%,0.23,1,1.10%,38.60%,6,6.80%,54,27,27,3,10,0.2,7,8,0.12,10,12,18,0.39,54.8,0,0
Cooz Elite,16U,Brodrick Wyatt,8,87,77,0.885,23,12,13.80%,1.92,31,34,65,47.70%,50.80%,52.20%,74,27,25,52,51.90%,4,9,13,30.80%,0.2,20,11,9,55.00%,12.60%,0.31,1,1.10%,43.70%,6,6.90%,65,25,40,9,6,0.75,5,2,0.03,14,18,14,0.36,80.8,0,0
Louisiana Elite,16U,Jaiden Hall,7,87,58,0.667,7,19,21.80%,0.37,21,41,62,33.90%,38.70%,42.00%,69,15,20,35,42.90%,6,21,27,22.20%,0.44,16,10,6,62.50%,11.50%,0.26,4,4.60%,31.00%,10,11.50%,30,12,18,13,14,0.68,1,3,0.05,14,12,10,0.1,30,0,0
3D Empire,16U,Alex Cheatham,8,85,78,0.918,17,18,21.20%,0.94,28,28,56,50.00%,55.40%,58.60%,67,22,17,39,56.40%,6,11,17,35.30%,0.3,24,16,8,66.70%,15.30%,0.43,2,2.40%,44.70%,9,10.60%,25,9,16,10,12,0.56,0,5,0.09,10,18,16,0,55.4,0,0
Nebraska Supreme,16U,Bryce Johnson Jr,8,83,71,0.855,18,20,24.10%,0.9,24,27,51,47.10%,48.00%,56.90%,62,23,16,39,59.00%,1,11,12,8.30%,0.24,26,22,4,84.60%,16.90%,0.51,2,2.40%,43.40%,8,9.60%,20,6,14,14,14,0.7,1,3,0.06,15,18,6,0.17,56.6,0,0
1Family,16U,Anthony Brown,7,82,72,0.878,20,19,23.20%,1.05,29,25,54,53.70%,54.60%,57.30%,63,28,20,48,58.30%,1,5,6,16.70%,0.11,20,13,7,65.00%,14.60%,0.37,3,3.70%,43.90%,8,9.80%,49,15,34,11,6,0.58,2,4,0.07,13,17,14,0.14,65.5,2,0
YGC,16U,Steven McLeod,8,82,83,1.012,3,6,7.30%,0.5,32,31,63,50.80%,50.80%,55.40%,75,32,29,61,52.50%,0,2,2,0.00%,0.03,27,19,8,70.40%,17.10%,0.43,1,1.20%,53.70%,13,15.90%,51,25,26,10,3,1.67,0,6,0.1,10,18,8,0,76.7,1,0
Southern Ties,16U,JJ Wise,10,81,78,0.963,19,5,6.20%,3.8,29,45,74,39.20%,50.00%,51.20%,76,13,12,25,52.00%,16,33,49,32.70%,0.66,5,4,1,80.00%,3.70%,0.07,1,1.20%,38.30%,3,3.70%,43,15,28,8,5,1.6,2,2,0.03,10,5,14,0.14,68.4,0,0
MPJ Elite,16U,Zion Luque,8,81,82,1.012,2,6,7.40%,0.33,31,35,66,47.00%,53.00%,54.80%,75,23,15,38,60.50%,8,20,28,28.60%,0.42,20,12,8,60.00%,12.30%,0.3,1,1.20%,45.70%,10,12.30%,26,5,21,2,3,0.33,9,2,0.03,11,16,15,0.6,52.5,0,0
3D Empire,16U,Wesley Zenon,8,80,82,1.025,17,11,13.80%,1.55,31,25,56,55.40%,57.10%,59.20%,69,29,19,48,60.40%,2,6,8,25.00%,0.14,30,18,12,60.00%,21.30%,0.54,4,5.00%,53.80%,17,21.30%,47,21,26,13,4,1.18,6,8,0.14,19,22,27,0.22,80.2,0,0
Sipp United,16U,Jeffrey Flanagan,11,79,76,0.962,7,11,13.90%,0.64,29,25,54,53.70%,57.40%,57.30%,66,25,18,43,58.10%,4,7,11,36.40%,0.2,28,14,14,50.00%,17.70%,0.52,0,0.00%,49.40%,13,16.50%,25,7,18,12,7,1.09,1,3,0.06,13,19,12,0.08,56.3,0,0
3D Empire,16U,Jet Naegele,8,79,59,0.747,8,16,20.30%,0.5,26,34,60,43.30%,46.70%,46.80%,63,22,19,41,53.70%,4,15,19,21.10%,0.32,7,3,4,42.90%,5.10%,0.12,1,1.30%,35.40%,4,5.10%,22,7,15,3,11,0.19,0,6,0.1,3,9,10,0,23.8,0,0
YGC,16U,JaDarian Williams,8,76,45,0.592,27,25,32.90%,1.08,15,31,46,32.60%,42.40%,44.60%,50,6,13,19,31.60%,9,18,27,33.30%,0.59,10,6,4,60.00%,6.60%,0.22,0,0.00%,25.00%,4,5.30%,19,3,16,13,18,0.52,1,4,0.09,14,5,9,0.11,28.1,0,0
Team Haliburton,16U,Gavin Valeri,8,76,68,0.895,10,13,17.10%,0.77,26,34,60,43.30%,54.20%,54.30%,63,13,16,29,44.80%,13,18,31,41.90%,0.52,6,3,3,50.00%,3.90%,0.1,0,0.00%,38.20%,2,2.60%,15,8,7,6,8,0.46,2,3,0.05,8,7,18,0.11,37.1,0,0
Jaylen Wells Elite,16U,Nick Andreotti,5,75,69,0.92,11,10,13.30%,1.1,26,33,59,44.10%,50.00%,52.90%,65,19,11,30,63.30%,7,22,29,24.10%,0.49,14,10,4,71.40%,10.70%,0.24,2,2.70%,41.30%,6,8.00%,11,4,7,9,5,0.9,4,2,0.03,13,10,6,0.67,48.5,0,0
AAO Flight,16U,Aidan Cooper-Kelley,6,74,64,0.865,26,14,18.90%,1.86,23,31,54,42.60%,48.10%,52.80%,61,17,21,38,44.70%,6,10,16,37.50%,0.3,15,12,3,80.00%,12.20%,0.28,3,4.10%,37.80%,7,9.50%,30,5,25,6,4,0.43,1,1,0.02,7,12,15,0.07,50.1,1,0
Southern Ties,16U,MarQuell Robinson,10,74,66,0.892,21,15,20.30%,1.4,28,23,51,54.90%,54.90%,56.90%,58,28,20,48,58.30%,0,3,3,0.00%,0.06,16,10,6,62.50%,12.20%,0.31,1,1.40%,47.30%,8,10.80%,39,9,30,12,9,0.8,0,5,0.1,12,20,9,0,62.5,0,0
As Promised ,16U,Se'Maj Stone,9,74,52,0.703,15,15,20.30%,1,22,29,51,43.10%,45.10%,44.50%,58,20,23,43,46.50%,2,6,8,25.00%,0.16,17,6,11,35.30%,13.50%,0.33,2,2.70%,35.10%,9,12.20%,31,14,17,7,7,0.47,2,7,0.14,9,13,20,0.1,31.5,0,0
Team CPSA,16U,Taiwo Daramola,11,74,69,0.932,11,14,18.90%,0.79,31,25,56,55.40%,56.30%,57.50%,60,30,23,53,56.60%,1,2,3,33.30%,0.05,9,6,3,66.70%,6.80%,0.16,1,1.40%,47.30%,5,6.80%,65,16,49,11,9,0.79,18,2,0.04,29,6,21,0.86,75.8,0,0
Cooz Elite,16U,William Goolsby,8,74,72,0.973,1,3,4.10%,0.33,23,45,68,33.80%,49.30%,51.00%,71,2,11,13,15.40%,21,34,55,38.20%,0.81,6,5,1,83.30%,4.10%,0.09,0,0.00%,35.10%,1,1.40%,23,9,14,11,3,3.67,2,2,0.03,13,5,9,0.22,50.2,0,0
Louisiana Elite,16U,Elijah Garner,5,73,54,0.74,9,8,11.00%,1.13,21,39,60,35.00%,40.00%,41.90%,64,15,20,35,42.90%,6,19,25,24.00%,0.42,10,6,4,60.00%,6.80%,0.17,0,0.00%,34.20%,4,5.50%,28,5,23,9,4,1.13,2,4,0.07,11,5,6,0.33,35.5,0,0
Team Scoot,16U,Javian White,6,73,66,0.904,10,12,16.40%,0.83,26,30,56,46.40%,50.00%,54.20%,61,22,17,39,56.40%,4,13,17,23.50%,0.3,11,10,1,90.90%,8.20%,0.2,0,0.00%,43.80%,4,5.50%,10,2,8,4,8,0.33,2,2,0.04,6,8,7,0.29,38.2,0,0
Rhode Island Elite,16U,Michael Bradley Jt,5,72,51,0.708,9,16,22.20%,0.56,16,29,45,35.60%,36.70%,46.60%,55,15,19,34,44.10%,1,10,11,9.10%,0.24,22,18,4,81.80%,16.70%,0.49,1,1.40%,37.50%,10,13.90%,21,8,13,6,11,0.38,2,0,0,8,13,8,0.25,28.3,0,0
SA Future,16U,Jakai Woods,6,71,55,0.775,7,11,15.50%,0.64,19,29,48,39.60%,42.70%,45.90%,60,16,22,38,42.10%,3,7,10,30.00%,0.21,27,14,13,51.90%,21.10%,0.56,3,4.20%,43.70%,15,21.10%,23,9,14,5,6,0.45,3,2,0.04,8,22,4,0.75,33.7,0,0
AAO Flight,16U,Ethan Polite,6,70,48,0.686,12,15,21.40%,0.8,16,33,49,32.70%,42.90%,44.60%,54,6,18,24,25.00%,10,15,25,40.00%,0.51,11,6,5,54.50%,8.60%,0.22,0,0.00%,28.60%,3,4.30%,16,3,13,5,6,0.33,0,3,0.06,5,7,11,0,18.1,0,0
Select Basketball,16U,Karson Maze,10,69,71,1.029,19,12,17.40%,1.58,23,27,50,46.00%,56.00%,61.80%,57,13,5,18,72.20%,10,22,32,31.30%,0.64,17,15,2,88.20%,13.00%,0.34,2,2.90%,43.50%,6,8.70%,14,4,10,9,8,0.75,3,1,0.02,12,15,17,0.18,55.8,0,0
Colorado Collective,16U,Jacob David,4,69,86,1.246,9,12,17.40%,0.75,26,21,47,55.30%,73.40%,77.10%,56,9,7,16,56.30%,17,14,31,54.80%,0.66,20,17,3,85.00%,14.50%,0.43,0,0.00%,52.20%,6,8.70%,26,0,26,5,8,0.42,3,0,0,8,12,8,0.38,68.3,0,0
YGC,16U,Elijah Paez,8,68,60,0.882,11,10,14.70%,1.1,21,27,48,43.80%,47.90%,52.40%,57,17,18,35,48.60%,4,9,13,30.80%,0.27,21,14,7,66.70%,16.20%,0.44,1,1.50%,42.60%,10,14.70%,25,12,13,18,7,1.8,11,6,0.13,29,14,12,0.92,62.9,0,0
Above the Rim,16U,Elijah Rivera,7,67,59,0.881,6,13,19.40%,0.46,24,26,50,48.00%,51.00%,53.80%,55,21,21,42,50.00%,3,5,8,37.50%,0.16,11,8,3,72.70%,10.40%,0.22,2,3.00%,43.30%,6,9.00%,37,12,25,7,9,0.54,3,5,0.1,10,8,18,0.17,41.4,0,0
Sipp United,16U,Aaron Miles Jr,11,66,43,0.652,19,17,25.80%,1.12,18,28,46,39.10%,43.50%,43.80%,49,14,17,31,45.20%,4,11,15,26.70%,0.33,7,3,4,42.90%,6.10%,0.15,1,1.50%,30.30%,4,6.10%,19,3,16,4,16,0.24,1,3,0.07,5,10,8,0.13,21.1,0,0
Team Haliburton,16U,James Ferguson,8,65,43,0.662,23,15,23.10%,1.53,17,28,45,37.80%,38.90%,43.10%,50,16,23,39,41.00%,1,5,6,16.70%,0.13,11,8,3,72.70%,10.80%,0.24,2,3.10%,32.30%,6,9.20%,25,4,21,5,9,0.33,0,3,0.07,5,11,6,0,29.9,0,0
Select Basketball,16U,Braylon Larson,13,64,70,1.094,8,9,14.10%,0.89,32,18,50,64.00%,64.00%,62.80%,56,32,17,49,65.30%,0,1,1,0.00%,0.02,13,6,7,46.20%,12.50%,0.26,3,4.70%,56.30%,8,12.50%,43,18,25,8,4,0.89,4,1,0.02,12,7,15,0.27,66.5,0,0
Team Ish,16U,Rickey Littlejohn,6,63,59,0.937,14,6,9.50%,2.33,24,27,51,47.10%,50.00%,52.80%,56,21,14,35,60.00%,3,13,16,18.80%,0.31,11,8,3,72.70%,9.50%,0.22,0,0.00%,46.00%,4,6.30%,19,2,17,9,4,1.5,0,3,0.06,9,9,12,0,46.2,0,0
YGC,16U,Shakure Wilbon,8,63,83,1.317,2,3,4.80%,0.67,28,26,54,51.90%,65.70%,70.00%,59,13,11,24,54.20%,15,15,30,50.00%,0.56,12,12,0,100.00%,9.50%,0.22,0,0.00%,54.00%,5,7.90%,26,11,15,6,1,2,0,4,0.07,6,6,8,0,69.8,0,0
Louisiana Elite,16U,KeShun Malcolm,6,63,45,0.714,4,11,17.50%,0.36,17,30,47,36.20%,38.30%,43.00%,52,15,16,31,48.40%,2,14,16,12.50%,0.34,12,9,3,75.00%,11.10%,0.26,0,0.00%,34.90%,4,6.30%,30,11,19,8,5,0.73,3,2,0.04,11,7,9,0.33,29.4,0,0
Cooz Elite,16U,Isaak Hayes,7,62,50,0.806,12,12,19.40%,1,16,29,45,35.60%,48.90%,50.20%,50,4,11,15,26.70%,12,18,30,40.00%,0.67,11,6,5,54.50%,9.70%,0.24,1,1.60%,32.30%,4,6.50%,9,2,7,10,6,0.83,0,2,0.04,10,8,6,0,30.4,0,0
As Promised ,16U,Andre Turnt,8,61,74,1.213,8,7,11.50%,1.14,28,18,46,60.90%,66.30%,67.50%,55,23,12,35,65.70%,5,6,11,45.50%,0.24,20,13,7,65.00%,19.70%,0.43,2,3.30%,60.70%,9,14.80%,30,11,19,4,3,0.57,1,0,0,5,11,10,0.1,62.9,0,0
Nebraska Supreme,16U,Sam Bohnet,8,61,40,0.656,8,12,19.70%,0.67,13,26,39,33.30%,34.60%,41.50%,48,12,18,30,40.00%,1,8,9,11.10%,0.23,21,13,8,61.90%,16.40%,0.54,0,0.00%,34.40%,8,13.10%,23,9,14,11,8,0.92,4,4,0.1,15,16,18,0.22,25.4,0,0
Above the Rim,16U,Sigfrido Carrillo,3,61,42,0.689,7,18,29.50%,0.39,17,24,41,41.50%,47.60%,47.60%,44,12,13,25,48.00%,5,11,16,31.30%,0.39,7,3,4,42.90%,8.20%,0.17,3,4.90%,29.50%,5,8.20%,9,3,6,5,12,0.28,0,3,0.07,5,10,3,0,13.1,0,0
MPJ Elite,16U,Phillip Jones,8,60,56,0.933,23,13,21.70%,1.77,23,19,42,54.80%,57.10%,60.30%,46,21,10,31,67.70%,2,9,11,18.20%,0.26,10,8,2,80.00%,8.30%,0.24,0,0.00%,46.70%,5,8.30%,23,9,14,10,10,0.77,2,1,0.02,12,9,9,0.22,56.4,0,0
Rhode Island Elite,16U,Jack Michael,4,60,33,0.55,16,14,23.30%,1.14,12,29,41,29.30%,31.70%,36.00%,46,10,20,30,33.30%,2,9,11,18.20%,0.27,11,7,4,63.60%,10.00%,0.27,1,1.70%,26.70%,3,5.00%,7,3,4,9,5,0.64,0,2,0.05,9,8,13,0,11.8,0,0
As Promised ,16U,Malik Brown,8,60,48,0.8,3,5,8.30%,0.6,16,26,42,38.10%,40.50%,44.50%,54,14,20,34,41.20%,2,6,8,25.00%,0.19,27,14,13,51.90%,23.30%,0.64,1,1.70%,45.00%,13,21.70%,34,17,17,3,2,0.6,19,8,0.19,22,20,11,1.73,45.8,1,0
MPJ Elite,16U,Nicholas Timbrook,8,59,43,0.729,11,7,11.90%,1.57,18,29,47,38.30%,39.40%,41.10%,52,17,21,38,44.70%,1,8,9,11.10%,0.19,12,6,6,50.00%,11.90%,0.26,0,0.00%,40.70%,5,8.50%,18,5,13,10,5,1.43,0,6,0.13,10,7,5,0,31,0,0
Team Ish,16U,J'Sean Sanders,5,59,60,1.017,3,2,3.40%,1.5,24,23,47,51.10%,51.10%,53.80%,56,24,22,46,52.20%,0,1,1,0.00%,0.02,20,12,8,60.00%,18.60%,0.43,1,1.70%,52.50%,11,18.60%,26,12,14,3,2,1.5,1,5,0.11,4,14,4,0.25,48.3,0,0
1Family,16U,Jalil Hill,8,59,54,0.915,7,5,8.50%,1.4,21,30,51,41.20%,48.00%,49.90%,54,14,17,31,45.20%,7,13,20,35.00%,0.39,7,5,2,71.40%,8.50%,0.14,1,1.70%,40.70%,3,5.10%,60,27,33,3,3,0.6,25,2,0.04,28,8,27,0.93,64.3,1,0
Nebraska Supreme,16U,Sam Boudreau,8,59,58,0.983,8,6,10.20%,1.33,23,30,53,43.40%,54.70%,54.70%,53,11,7,18,61.10%,12,23,35,34.30%,0.66,0,0,0,-,0.00%,0,0,0.00%,39.00%,0,0.00%,27,9,18,4,3,0.67,0,3,0.06,4,0,7,0,42.6,0,0
SA Future,16U,Gavin Peck,6,59,43,0.729,11,9,15.30%,1.22,14,34,48,29.20%,42.70%,43.60%,49,1,5,6,16.70%,13,29,42,31.00%,0.88,3,2,1,66.70%,3.40%,0.06,0,0.00%,25.40%,0,0.00%,24,2,22,9,8,1,3,1,0.02,12,5,11,0.27,28,0,0
Team Ish,16U,Colton Kreger,9,58,40,0.69,14,12,20.70%,1.17,15,29,44,34.10%,43.20%,43.70%,46,7,9,16,43.80%,8,20,28,28.60%,0.64,4,2,2,50.00%,3.40%,0.09,0,0.00%,27.60%,2,3.40%,33,12,21,10,8,0.83,6,2,0.05,16,4,13,0.46,35.9,0,0
SA Future,16U,Tyler Jackson,6,58,42,0.724,3,7,12.10%,0.43,15,34,49,30.60%,40.80%,41.70%,50,5,6,11,45.50%,10,28,38,26.30%,0.78,3,2,1,66.70%,3.40%,0.06,0,0.00%,27.60%,0,0.00%,10,1,9,4,4,0.57,0,0,0,4,6,5,0,13.8,0,0
Nebraska Supreme,16U,Drayke Brown,8,57,78,1.368,8,8,14.00%,1,26,19,45,57.80%,78.90%,78.30%,50,7,6,13,53.80%,19,13,32,59.40%,0.71,11,7,4,63.60%,12.30%,0.24,1,1.80%,54.40%,4,7.00%,16,2,14,3,7,0.38,0,3,0.07,3,8,11,0,57.1,0,0
4:44 Athletics,16U,Taj Saragba,11,57,54,0.947,5,17,29.80%,0.29,21,10,31,67.70%,67.70%,66.40%,41,21,10,31,67.70%,0,0,0,-,0,22,12,10,54.50%,22.80%,0.71,2,3.50%,49.10%,11,19.30%,46,14,32,3,7,0.18,4,3,0.1,7,14,17,0.24,41.6,0,0
1of1,16U,Cruz Miller,4,55,59,1.073,11,4,7.30%,2.75,27,23,50,54.00%,56.00%,57.50%,51,25,17,42,59.50%,2,6,8,25.00%,0.16,3,3,0,100.00%,3.60%,0.06,1,1.80%,50.90%,2,3.60%,9,5,4,8,4,2,1,6,0.12,9,6,8,0.13,48.7,0,0
Southern Ties,16U,Gabriel Osborne,6,55,50,0.909,16,6,10.90%,2.67,21,22,43,48.80%,51.20%,51.30%,49,19,18,37,51.40%,2,4,6,33.30%,0.14,13,6,7,46.20%,16.40%,0.3,3,5.50%,43.60%,7,12.70%,28,10,18,15,3,2.5,7,4,0.09,22,16,6,1.17,60.6,0,0
Team Scoot,16U,Colton Sembower,5,55,47,0.855,13,7,12.70%,1.86,18,28,46,39.10%,45.70%,47.90%,49,12,11,23,52.20%,6,17,23,26.10%,0.5,7,5,2,71.40%,9.10%,0.15,3,5.50%,36.40%,5,9.10%,19,5,14,4,5,0.57,1,2,0.04,5,6,3,0.33,34.5,0,0
Team Scoot,16U,Lorenzo McCorvey,7,53,52,0.981,23,12,22.60%,1.92,18,12,30,60.00%,60.00%,62.10%,42,18,8,26,69.20%,0,4,4,0.00%,0.13,27,16,11,59.30%,30.20%,0.9,1,1.90%,54.70%,12,22.60%,26,13,13,6,4,0.5,4,1,0.03,10,13,13,0.31,54.5,0,0
4:44 Athletics,16U,Nate Winters,14,52,40,0.769,15,8,15.40%,1.88,16,24,40,40.00%,43.80%,45.50%,44,13,18,31,41.90%,3,6,9,33.30%,0.23,9,5,4,55.60%,9.60%,0.23,1,1.90%,36.50%,4,7.70%,45,9,36,3,3,0.38,7,5,0.13,10,12,24,0.29,34.7,0,0
1Family,16U,Willie Brooks,8,52,42,0.808,4,10,19.20%,0.4,15,26,41,36.60%,48.80%,50.10%,42,5,9,14,35.70%,10,17,27,37.00%,0.66,2,2,0,100.00%,1.90%,0.05,0,0.00%,30.80%,1,1.90%,20,7,13,7,6,0.7,2,2,0.05,9,1,17,0.12,22.5,0,0
Jaylen Wells Elite,16U,Julian Turner,5,51,64,1.255,7,2,3.90%,3.5,28,16,44,63.60%,64.80%,66.10%,48,27,10,37,73.00%,1,6,7,14.30%,0.16,10,7,3,70.00%,11.80%,0.23,1,2.00%,62.70%,4,7.80%,15,4,11,2,0,1,0,3,0.07,2,9,3,0,53,0,0
AAO Flight,16U,Julian Wilson,6,51,56,1.098,8,5,9.80%,1.6,20,22,42,47.60%,56.00%,60.30%,46,13,17,30,43.30%,7,5,12,58.30%,0.29,10,9,1,90.00%,11.80%,0.24,2,3.90%,47.10%,6,11.80%,29,6,23,7,3,1.4,0,3,0.07,7,11,5,0,50.9,0,0
Above the Rim,16U,Aiden Walter,6,51,65,1.275,8,11,21.60%,0.73,27,10,37,73.00%,79.70%,79.30%,41,22,3,25,88.00%,5,7,12,41.70%,0.32,9,6,3,66.70%,11.80%,0.24,3,5.90%,58.80%,6,11.80%,18,5,13,2,9,0.18,3,0,0,5,7,7,0.43,52,0,0
AAO Flight,16U,Koa Rockwell,6,50,30,0.6,7,7,14.00%,1,10,31,41,24.40%,29.30%,34.40%,44,6,14,20,30.00%,4,17,21,19.00%,0.51,6,6,0,100.00%,6.00%,0.15,1,2.00%,24.00%,3,6.00%,24,8,16,2,5,0.29,1,2,0.05,3,4,5,0.2,14.3,0,0
Louisiana Elite,16U,Eli Washington,6,50,43,0.86,4,5,10.00%,0.8,14,28,42,33.30%,44.00%,48.20%,45,5,13,18,27.80%,9,15,24,37.50%,0.57,6,6,0,100.00%,6.00%,0.14,0,0.00%,34.00%,3,6.00%,29,10,19,2,2,0.4,5,1,0.02,7,3,6,0.83,32.8,0,0
TME ,16U,Emmanuel Martin,8,50,54,1.08,2,8,16.00%,0.25,20,16,36,55.60%,56.90%,63.40%,43,19,15,34,55.90%,1,1,2,50.00%,0.06,15,13,2,86.70%,18.00%,0.42,3,6.00%,52.00%,8,16.00%,65,22,43,5,6,0.63,5,4,0.11,10,13,13,0.38,61,1,0
Rhode Island Elite,16U,Akol Maiwen,5,49,39,0.796,6,11,22.40%,0.55,13,20,33,39.40%,50.00%,52.80%,37,6,6,12,50.00%,7,14,21,33.30%,0.64,9,6,3,66.70%,10.20%,0.27,0,0.00%,32.70%,3,6.10%,12,5,7,6,8,0.55,2,2,0.06,8,8,8,0.25,22.9,0,0
SA Future,16U,Justin McBryde,6,49,48,0.98,2,5,10.20%,0.4,19,21,40,47.50%,55.00%,54.10%,44,13,10,23,56.50%,6,11,17,35.30%,0.43,10,4,6,40.00%,12.20%,0.25,2,4.10%,44.90%,5,10.20%,26,12,14,4,4,0.8,1,2,0.05,5,7,6,0.17,36.5,0,0
Nebraska Supreme,16U,Brevin Meyers,8,48,53,1.104,8,9,18.80%,0.89,15,20,35,42.90%,60.00%,65.80%,40,3,2,5,60.00%,12,18,30,40.00%,0.86,12,11,1,91.70%,12.50%,0.34,0,0.00%,43.80%,2,4.20%,7,2,5,4,6,0.44,0,2,0.06,4,6,4,0,36,0,0
AAO Flight,16U,Jaxsen Hollis,6,48,56,1.167,5,6,12.50%,0.83,23,13,36,63.90%,69.40%,67.80%,41,19,11,30,63.30%,4,2,6,66.70%,0.17,12,6,6,50.00%,12.50%,0.33,0,0.00%,56.30%,5,10.40%,38,20,18,2,2,0.33,6,1,0.03,8,9,3,2,59.5,1,0
Nebraska Supreme,16U,Blaize Jung,8,47,46,0.979,14,8,17.00%,1.75,17,18,35,48.60%,57.10%,59.70%,39,11,9,20,55.00%,6,9,15,40.00%,0.43,8,6,2,75.00%,10.60%,0.23,1,2.10%,42.60%,2,4.30%,24,11,13,6,5,0.75,0,0,0,6,6,8,0,43.7,0,0
Rhode Island Elite,16U,Vincent Osazee,4,47,34,0.723,2,9,19.10%,0.22,11,15,26,42.30%,44.20%,46.50%,37,10,9,19,52.60%,1,6,7,14.30%,0.27,24,11,13,45.80%,27.70%,0.92,1,2.10%,40.40%,12,25.50%,27,7,20,4,3,0.44,2,3,0.12,6,14,14,0.14,18.1,0,0
1Family,16U,Julian Fox,3,47,39,0.83,1,8,17.00%,0.13,15,22,37,40.50%,50.00%,50.30%,39,8,8,16,50.00%,7,14,21,33.30%,0.57,4,2,2,50.00%,6.40%,0.11,1,2.10%,34.00%,1,2.10%,11,3,8,2,6,0.25,1,4,0.11,3,6,4,0.25,16.6,0,0
MPJ Elite,16U,Jayven Jones,8,46,46,1,10,7,15.20%,1.43,19,17,36,52.80%,58.30%,59.50%,39,15,15,30,50.00%,4,2,6,66.70%,0.17,6,4,2,66.70%,6.50%,0.17,0,0.00%,47.80%,3,6.50%,43,14,29,7,6,1,10,3,0.08,17,3,8,1.25,56.9,2,0
3D Empire,16U,Owen Jones,8,45,35,0.778,16,9,20.00%,1.78,12,22,34,35.30%,47.10%,48.90%,36,4,6,10,40.00%,8,16,24,33.30%,0.71,4,3,1,75.00%,6.70%,0.12,1,2.20%,28.90%,1,2.20%,34,11,23,7,4,0.78,5,0,0,12,6,19,0.26,35.3,0,0
TME ,16U,Ian Beaufort,4,45,31,0.689,5,3,6.70%,1.67,11,26,37,29.70%,31.10%,37.00%,42,10,21,31,32.30%,1,5,6,16.70%,0.16,11,8,3,72.70%,13.30%,0.3,1,2.20%,35.60%,4,8.90%,14,5,9,9,2,3,2,7,0.19,11,8,7,0.29,22.6,0,0
Team Museum,16U,Eric Turner,3,44,42,0.955,8,6,13.60%,1.33,12,15,27,44.40%,48.10%,57.90%,36,10,8,18,55.60%,2,7,9,22.20%,0.33,21,16,5,76.20%,25.00%,0.78,0,0.00%,47.70%,7,15.90%,10,2,8,3,4,0.5,1,1,0.04,4,13,6,0.17,30.6,0,0
Team Museum,16U,Malachi Terrell,3,44,35,0.795,5,5,11.40%,1,11,23,34,32.40%,36.80%,44.60%,39,8,16,24,33.30%,3,7,10,30.00%,0.29,12,10,2,83.30%,15.90%,0.35,0,0.00%,38.60%,4,9.10%,12,4,8,9,4,1.8,1,5,0.15,10,8,7,0.14,25.4,0,0
1Family,16U,Keitho Johnson,5,44,30,0.682,3,8,18.20%,0.38,12,22,34,35.30%,39.70%,41.90%,36,9,16,25,36.00%,3,6,9,33.30%,0.26,4,3,1,75.00%,4.50%,0.12,0,0.00%,31.80%,1,2.30%,18,7,11,1,3,0.13,6,1,0.03,7,3,12,0.5,13.3,0,0
AAO Flight,16U,Kellen Cash,6,43,46,1.07,8,4,9.30%,2,18,21,39,46.20%,57.70%,58.30%,39,9,7,16,56.30%,9,14,23,39.10%,0.59,1,1,0,100.00%,2.30%,0.03,1,2.30%,41.90%,1,2.30%,9,1,8,2,4,0.5,7,1,0.03,9,2,7,1,34.7,0,0
Southern Ties,16U,Jasper Chaves,9,43,44,1.023,12,7,16.30%,1.71,17,16,33,51.50%,62.10%,61.00%,36,10,7,17,58.80%,7,9,16,43.80%,0.48,7,3,4,42.90%,9.30%,0.21,1,2.30%,44.20%,3,7.00%,30,14,16,6,5,0.86,8,1,0.03,14,8,10,0.8,49.7,0,0
Team Ish,16U,Jeremy Duhon,6,42,41,0.976,5,2,4.80%,2.5,13,25,38,34.20%,47.40%,50.40%,41,3,5,8,37.50%,10,20,30,33.30%,0.79,6,5,1,83.30%,7.10%,0.16,1,2.40%,35.70%,2,4.80%,7,3,4,4,0,2,0,1,0.03,4,3,1,0,27.6,0,0
YGC,16U,Paxton Ivy,8,42,44,1.048,3,4,9.50%,0.75,15,20,35,42.90%,58.60%,58.40%,38,4,4,8,50.00%,11,16,27,40.70%,0.77,6,3,3,50.00%,7.10%,0.17,0,0.00%,40.50%,2,4.80%,13,4,9,7,1,1.75,1,1,0.03,8,3,7,0.14,32.8,0,0
Above the Rim,16U,Jonathan Raleigh,6,42,16,0.381,12,17,40.50%,0.71,8,16,24,33.30%,33.30%,32.20%,25,8,9,17,47.10%,0,7,7,0.00%,0.29,2,0,2,0.00%,2.40%,0.08,0,0.00%,19.00%,1,2.40%,27,6,21,5,13,0.29,6,3,0.13,11,6,6,1,10.3,0,0
Above the Rim,16U,Eric Figueroa,6,42,26,0.619,7,15,35.70%,0.47,11,15,26,42.30%,48.10%,47.60%,27,8,10,18,44.40%,3,5,8,37.50%,0.31,3,1,2,33.30%,4.80%,0.12,1,2.40%,28.60%,2,4.80%,29,7,22,1,12,0.07,5,1,0.04,6,5,5,1,15.3,0,0
YGC,16U,Amari Coleman,8,41,29,0.707,19,7,17.10%,2.71,9,18,27,33.30%,35.20%,44.30%,33,8,14,22,36.40%,1,4,5,20.00%,0.19,13,10,3,76.90%,17.10%,0.48,0,0.00%,36.60%,5,12.20%,23,11,12,16,4,2.29,1,5,0.19,17,10,10,0.1,42.8,0,0
Colorado Collective,16U,Obi Morris,4,41,38,0.927,14,11,26.80%,1.27,13,8,21,61.90%,64.30%,65.70%,29,12,5,17,70.60%,1,3,4,25.00%,0.19,18,11,7,61.10%,24.40%,0.86,1,2.40%,48.80%,7,17.10%,9,2,7,6,8,0.55,0,2,0.1,6,13,3,0,32.8,0,0
Nebraska Supreme,16U,Cade Walker,8,41,42,1.024,10,8,19.50%,1.25,16,13,29,55.20%,63.80%,63.70%,33,11,10,21,52.40%,5,3,8,62.50%,0.28,9,5,4,55.60%,12.20%,0.31,1,2.40%,48.80%,4,9.80%,14,7,7,3,6,0.38,1,0,0,4,6,7,0.14,33.4,0,0
MPJ Elite,16U,Nolan Struckmann,6,41,19,0.463,9,11,26.80%,0.82,5,19,24,20.80%,20.80%,32.00%,30,5,16,21,23.80%,0,3,3,0.00%,0.13,13,9,4,69.20%,17.10%,0.54,1,2.40%,24.40%,7,17.10%,46,12,34,4,6,0.36,1,3,0.13,5,9,8,0.13,18,0,0
Team Scoot,16U,Kendall Booker,7,41,39,0.951,7,9,22.00%,0.78,15,12,27,55.60%,57.40%,57.30%,34,14,11,25,56.00%,1,1,2,50.00%,0.07,16,8,8,50.00%,26.80%,0.59,2,4.90%,51.20%,6,14.60%,41,9,32,7,7,0.78,10,1,0.04,17,10,14,0.71,43.1,0,0
Jaylen Wells Elite,16U,Brett Smith,5,41,33,0.805,9,12,29.30%,0.75,12,13,25,48.00%,56.00%,57.00%,29,8,9,17,47.10%,4,4,8,50.00%,0.32,9,5,4,55.60%,14.60%,0.36,2,4.90%,36.60%,3,7.30%,25,4,21,4,10,0.33,1,0,0,5,9,4,0.25,25.2,0,0
Above the Rim,16U,Julius Kilson,6,41,19,0.463,7,10,24.40%,0.7,7,21,28,25.00%,28.60%,31.00%,31,5,15,20,25.00%,2,6,8,25.00%,0.29,6,3,3,50.00%,7.30%,0.21,0,0.00%,24.40%,3,7.30%,13,5,8,3,9,0.3,0,3,0.11,3,8,12,0,0,0,0
As Promised ,16U,Sean Banks,5,41,33,0.805,6,9,22.00%,0.67,12,17,29,41.40%,48.30%,52.10%,32,8,5,13,61.50%,4,12,16,25.00%,0.55,6,5,1,83.30%,7.30%,0.21,0,0.00%,36.60%,3,7.30%,9,3,6,5,7,0.56,2,1,0.03,7,5,6,0.33,20.2,0,0
Above the Rim,16U,Niko Chaplain,5,40,20,0.5,19,11,27.50%,1.73,8,20,28,28.60%,33.90%,33.60%,30,5,12,17,29.40%,3,8,11,27.30%,0.39,4,1,3,25.00%,7.50%,0.14,2,5.00%,22.50%,3,7.50%,17,4,13,12,10,1.09,1,1,0.04,13,5,4,0.25,22.5,0,0
TME ,16U,Jah'mir Wallace,4,39,35,0.897,8,6,15.40%,1.33,16,13,29,55.20%,55.20%,52.40%,33,16,8,24,66.70%,0,5,5,0.00%,0.17,10,3,7,30.00%,15.40%,0.34,2,5.10%,48.70%,6,15.40%,15,6,9,6,4,1,0,2,0.07,6,12,4,0,29.2,0,0
Colorado Collective,16U,Khalil Hudgins,4,39,36,0.923,6,5,12.80%,1.2,16,12,28,57.10%,57.10%,54.80%,33,16,7,23,69.60%,0,5,5,0.00%,0.18,11,4,7,36.40%,15.40%,0.39,0,0.00%,51.30%,5,12.80%,16,4,12,6,2,1.2,0,1,0.04,6,7,7,0,28.8,0,0
Team Scoot,16U,Benjamin Howery,7,39,47,1.205,6,5,12.80%,1.2,18,12,30,60.00%,70.00%,71.00%,33,12,2,14,85.70%,6,10,16,37.50%,0.53,7,5,2,71.40%,10.30%,0.23,0,0.00%,53.80%,2,5.10%,21,3,18,3,2,0.6,0,0,0,3,8,7,0,39.3,0,0
Cooz Elite,16U,Gary Davis,8,39,25,0.641,6,6,15.40%,1,8,14,22,36.40%,40.90%,40.60%,31,6,8,14,42.90%,2,6,8,25.00%,0.36,20,7,13,35.00%,28.20%,0.91,0,0.00%,35.90%,8,20.50%,27,10,17,8,3,1.33,2,3,0.14,10,12,19,0.11,19.7,0,0
1of1,16U,Justin Johannes,4,39,24,0.615,6,9,23.10%,0.67,10,16,26,38.50%,40.40%,40.70%,30,9,15,24,37.50%,1,1,2,50.00%,0.08,8,3,5,37.50%,12.80%,0.31,1,2.60%,33.30%,4,10.30%,28,10,18,2,4,0.22,8,5,0.19,10,8,8,1,19.8,1,0
Rhode Island Elite,16U,Trevone Chase,5,39,39,1,3,7,17.90%,0.43,17,13,30,56.70%,58.30%,59.70%,33,16,13,29,55.20%,1,0,1,100.00%,0.03,6,4,2,66.70%,10.30%,0.2,2,5.10%,48.70%,4,10.30%,37,13,24,3,3,0.43,3,1,0.03,6,5,18,0.17,33.3,1,0
Jaylen Wells Elite,16U,Ty Schalk,5,38,59,1.553,8,3,7.90%,2.67,20,12,32,62.50%,82.80%,84.10%,35,7,3,10,70.00%,13,9,22,59.10%,0.69,7,6,1,85.70%,10.50%,0.22,1,2.60%,60.50%,3,7.90%,19,2,17,2,4,0.67,1,1,0.03,3,6,7,0.14,53.2,0,0
Sipp United,16U,Triston Hawthorne,11,38,37,0.974,9,11,28.90%,0.82,16,7,23,69.60%,69.60%,68.60%,27,16,7,23,69.60%,0,0,0,-,0,9,5,4,55.60%,13.20%,0.39,1,2.60%,50.00%,5,13.20%,74,20,54,12,6,1.09,45,1,0.04,57,6,34,1.32,81.1,0,0
MPJ Elite,16U,Damarion Verges,8,38,21,0.553,5,8,21.10%,0.63,9,19,28,32.10%,33.90%,34.80%,30,8,11,19,42.10%,1,8,9,11.10%,0.32,5,2,3,40.00%,7.90%,0.18,1,2.60%,26.30%,3,7.90%,23,5,18,0,7,0,1,3,0.11,1,6,11,0.09,4.5,0,0
1of1,16U,Malachi John,4,38,26,0.684,4,8,21.10%,0.5,9,16,25,36.00%,36.00%,44.20%,29,9,11,20,45.00%,0,5,5,0.00%,0.2,10,8,2,80.00%,13.20%,0.4,0,0.00%,36.80%,5,13.20%,16,3,13,2,6,0.25,1,5,0.2,3,7,10,0.1,10.8,0,0
Rhode Island Elite,16U,Mohammed Gueye,5,38,23,0.605,5,11,28.90%,0.45,9,16,25,36.00%,42.00%,43.00%,27,6,6,12,50.00%,3,10,13,23.10%,0.52,4,2,2,50.00%,5.30%,0.16,0,0.00%,28.90%,2,5.30%,7,3,4,1,7,0.09,2,2,0.08,3,5,7,0.29,3.7,0,0
Team Haliburton,16U,Kristian Bartl,7,38,30,0.789,1,6,15.80%,0.17,12,17,29,41.40%,46.60%,47.40%,32,9,12,21,42.90%,3,5,8,37.50%,0.28,6,3,3,50.00%,7.90%,0.21,0,0.00%,36.80%,2,5.30%,25,9,16,3,4,0.5,3,2,0.07,6,8,19,0.16,16.6,0,0
Team Museum,16U,Jacoby Briscoe,3,37,28,0.757,3,4,10.80%,0.75,5,15,20,25.00%,27.50%,45.20%,31,4,9,13,30.80%,1,6,7,14.30%,0.35,25,17,8,68.00%,37.80%,1.25,1,2.70%,43.20%,10,27.00%,18,5,13,3,0,0.75,2,2,0.1,5,15,7,0.29,19.9,0,0
As Promised ,16U,Rahkyi Mason,9,37,8,0.216,18,25,67.60%,0.72,4,8,12,33.30%,33.30%,33.30%,12,4,7,11,36.40%,0,1,1,0.00%,0.08,0,0,0,-,0.00%,0,0,0.00%,10.80%,0,0.00%,13,3,10,14,17,0.56,1,2,0.17,15,5,20,0.05,0.6,0,0
Southern Ties,16U,Harrison Jones,10,37,13,0.351,1,11,29.70%,0.09,5,16,21,23.80%,23.80%,26.00%,25,5,10,15,33.30%,0,6,6,0.00%,0.29,9,3,6,33.30%,13.50%,0.43,0,0.00%,18.90%,3,8.10%,28,10,18,1,7,0.09,1,1,0.05,2,5,8,0.13,-1.5,0,0
Team Scoot,16U,Ethan Allen,5,36,26,0.722,8,15,41.70%,0.53,10,8,18,55.60%,58.30%,63.00%,21,9,5,14,64.30%,1,3,4,25.00%,0.22,6,5,1,83.30%,8.30%,0.33,0,0.00%,36.10%,3,8.30%,3,0,3,8,12,0.53,0,0,0,8,3,4,0,14.9,0,0
1Family,16U,James Nowells,3,36,32,0.889,1,5,13.90%,0.2,13,17,30,43.30%,48.30%,51.10%,31,10,9,19,52.60%,3,8,11,27.30%,0.37,3,3,0,100.00%,5.60%,0.1,1,2.80%,38.90%,2,5.60%,15,3,12,2,2,0.4,2,1,0.03,4,3,2,1,20.2,0,0
Cooz Elite,16U,Daniel Clark,7,35,30,0.857,10,6,17.10%,1.67,10,16,26,38.50%,50.00%,52.40%,29,4,5,9,44.40%,6,11,17,35.30%,0.65,6,4,2,66.70%,8.60%,0.23,0,0.00%,34.30%,2,5.70%,9,2,7,7,6,1.17,1,1,0.04,8,7,4,0.25,25.6,0,0
Southern Ties,16U,Joey Folsom,5,35,24,0.686,8,6,17.10%,1.33,10,18,28,35.70%,42.90%,41.60%,29,6,4,10,60.00%,4,14,18,22.20%,0.64,2,0,2,0.00%,2.90%,0.07,0,0.00%,28.60%,1,2.90%,6,1,5,7,3,1.17,0,0,0,7,3,7,0,13.6,0,0
Nebraska Supreme,16U,Dakari Wilson,8,35,26,0.743,14,12,34.30%,1.17,8,11,19,42.10%,50.00%,57.70%,23,5,6,11,45.50%,3,5,8,37.50%,0.42,8,7,1,87.50%,11.40%,0.42,0,0.00%,34.30%,3,8.60%,16,3,13,7,8,0.58,0,0,0,7,5,10,0,22.3,0,0
Team Haliburton,16U,Jordan JT Meyer,8,33,31,0.939,2,2,6.10%,1,12,16,28,42.90%,48.20%,50.60%,31,9,5,14,64.30%,3,11,14,21.40%,0.5,6,4,2,66.70%,9.10%,0.21,0,0.00%,42.40%,3,9.10%,25,8,17,1,1,0.5,6,3,0.11,7,4,7,0.86,27.9,0,0
YGC,16U,Shaqere Kizzee,6,33,27,0.818,1,4,12.10%,0.25,11,17,28,39.30%,46.40%,46.70%,29,7,6,13,53.80%,4,11,15,26.70%,0.54,2,1,1,50.00%,3.00%,0.07,0,0.00%,36.40%,1,3.00%,19,8,11,4,2,1,2,1,0.04,6,1,12,0.17,17.6,0,0
1Family,16U,Markel Holmes,5,32,18,0.563,9,7,21.90%,1.29,6,16,22,27.30%,31.80%,36.50%,25,4,8,12,33.30%,2,8,10,20.00%,0.45,6,4,2,66.70%,9.40%,0.27,0,0.00%,28.10%,2,6.30%,16,3,13,2,4,0.29,1,1,0.05,3,5,5,0.2,10.2,0,0
Jaylen Wells Elite,16U,Jordan Cortez,5,32,25,0.781,7,6,18.80%,1.17,12,12,24,50.00%,50.00%,47.70%,26,12,10,22,54.50%,0,2,2,0.00%,0.08,5,1,4,20.00%,12.50%,0.21,2,6.30%,40.60%,3,9.40%,11,4,7,5,5,0.83,3,1,0.04,8,6,6,0.5,19.9,0,0
SA Future,16U,Aiden Martin,5,32,25,0.781,11,13,40.60%,0.85,8,5,13,61.50%,61.50%,68.40%,18,8,5,13,61.50%,0,0,0,-,0,12,9,3,75.00%,18.80%,0.92,0,0.00%,43.80%,5,15.60%,17,4,13,9,9,0.69,3,1,0.08,12,8,15,0.2,24.4,0,0
Team CPSA,16U,Jeremias Kilebrew,5,32,34,1.063,5,8,25.00%,0.63,14,7,21,66.70%,71.40%,69.30%,25,12,6,18,66.70%,2,1,3,66.70%,0.14,8,4,4,50.00%,15.60%,0.38,2,6.30%,50.00%,5,15.60%,24,9,15,5,4,0.63,1,2,0.1,6,7,7,0.14,32.5,0,0
Team Haliburton,16U,Jayden Burrell,8,32,29,0.906,1,3,9.40%,0.33,10,15,25,40.00%,48.00%,51.60%,28,6,11,17,35.30%,4,4,8,50.00%,0.32,7,5,2,71.40%,12.50%,0.28,0,0.00%,40.60%,3,9.40%,25,8,17,2,2,0.67,2,0,0,4,10,12,0.17,21.7,0,0
YGC,16U,Giovanni Watt,8,32,21,0.656,2,7,21.90%,0.29,7,12,19,36.80%,39.50%,42.50%,25,6,4,10,60.00%,1,8,9,11.10%,0.47,13,6,7,46.20%,21.90%,0.68,1,3.10%,37.50%,4,12.50%,19,7,12,0,4,0,5,2,0.11,5,8,11,0.45,9.7,0,0
Above the Rim,16U,Seven Pridgen,3,31,44,1.419,13,1,3.20%,13,20,10,30,66.70%,71.70%,71.20%,31,17,8,25,68.00%,3,2,5,60.00%,0.17,2,1,1,50.00%,6.50%,0.07,2,6.50%,64.50%,2,6.50%,14,3,11,2,0,2,1,1,0.03,3,6,2,0.5,46,1,0
1of1,16U,Braden Miller,3,31,29,0.935,4,3,9.70%,1.33,10,13,23,43.50%,45.70%,52.10%,28,9,11,20,45.00%,1,2,3,33.30%,0.13,11,8,3,72.70%,19.40%,0.48,1,3.20%,45.20%,3,9.70%,16,6,10,4,1,1.33,0,5,0.22,4,7,6,0,24.3,0,0
YGC,16U,Ben Bolton,8,30,33,1.1,4,3,10.00%,1.33,11,13,24,45.80%,60.40%,59.00%,28,4,5,9,44.40%,7,8,15,46.70%,0.63,9,4,5,44.40%,20.00%,0.38,0,0.00%,50.00%,3,10.00%,15,5,10,5,1,1.67,0,0,0,5,5,7,0,27.1,0,0
Above the Rim,16U,Jayden Wilbon,3,30,30,1,5,7,23.30%,0.71,10,11,21,47.60%,66.70%,65.90%,23,2,3,5,40.00%,8,8,16,50.00%,0.76,4,2,2,50.00%,6.70%,0.19,0,0.00%,40.00%,1,3.30%,4,3,1,4,6,0.57,1,2,0.1,5,3,2,0.5,21.3,0,0
Jaylen Wells Elite,16U,Kellen Garcia,5,30,28,0.933,6,10,33.30%,0.6,12,6,18,66.70%,69.40%,69.30%,20,11,6,17,64.70%,1,0,1,100.00%,0.06,5,3,2,60.00%,10.00%,0.28,1,3.30%,46.70%,3,10.00%,20,4,16,4,6,0.4,3,0,0,7,7,4,0.75,25.7,0,0
As Promised ,16U,Shizz Banks,4,30,31,1.033,4,8,26.70%,0.5,11,10,21,52.40%,66.70%,69.40%,22,5,4,9,55.60%,6,6,12,50.00%,0.57,3,3,0,100.00%,6.70%,0.14,1,3.30%,40.00%,2,6.70%,4,2,2,5,3,0.63,1,1,0.05,6,2,7,0.14,20.4,0,0
Southern Ties,16U,Joseph Folsom,4,30,19,0.633,1,5,16.70%,0.2,7,17,24,29.20%,35.40%,38.20%,25,4,10,14,28.60%,3,7,10,30.00%,0.42,2,2,0,100.00%,3.30%,0.08,0,0.00%,26.70%,1,3.30%,11,3,8,7,5,1.4,0,3,0.13,7,2,4,0,10.6,0,0
TME ,16U,Marcus Nestor,8,29,29,1,3,5,17.20%,0.6,10,12,22,45.50%,56.80%,59.90%,24,5,9,14,35.70%,5,3,8,62.50%,0.36,5,4,1,80.00%,10.30%,0.23,1,3.40%,41.40%,3,10.30%,21,5,16,3,5,0.6,0,0,0,3,4,3,0,24.4,0,0
Rhode Island Elite,16U,Karell Brown,3,29,13,0.448,3,10,34.50%,0.3,5,11,16,31.30%,31.30%,34.90%,19,5,11,16,31.30%,0,0,0,-,0,6,3,3,50.00%,10.30%,0.38,0,0.00%,27.60%,3,10.30%,19,8,11,1,6,0.1,2,1,0.06,3,5,3,0.67,4.8,1,0
Team Scoot,16U,Isiah Lockhart,6,28,21,0.75,10,6,21.40%,1.67,8,12,20,40.00%,47.50%,48.30%,22,5,7,12,41.70%,3,5,8,37.50%,0.4,4,2,2,50.00%,7.10%,0.2,0,0.00%,32.10%,1,3.60%,4,2,2,6,5,1,0,1,0.05,6,4,3,0,17.2,0,0
3D Empire,16U,Cooper Jones,8,27,27,1,10,4,14.80%,2.5,9,11,20,45.00%,55.00%,59.60%,23,5,3,8,62.50%,4,8,12,33.30%,0.6,6,5,1,83.30%,11.10%,0.3,0,0.00%,44.40%,2,7.40%,22,7,15,4,3,1,0,1,0.05,4,7,7,0,29.8,0,0
Colorado Collective,16U,Chaz Connors,4,27,29,1.074,2,6,22.20%,0.33,9,8,17,52.90%,64.70%,69.20%,21,5,5,10,50.00%,4,3,7,57.10%,0.41,9,7,2,77.80%,18.50%,0.53,1,3.70%,44.40%,3,11.10%,6,1,5,0,5,0,0,2,0.12,0,6,1,0,17.1,0,0
Jaylen Wells Elite,16U,Timothy Scheel,5,26,27,1.038,10,3,11.50%,3.33,12,10,22,54.50%,54.50%,57.90%,23,12,10,22,54.50%,0,0,0,-,0,3,3,0,100.00%,7.70%,0.14,1,3.80%,50.00%,2,7.70%,25,7,18,1,1,0.33,5,0,0,6,4,2,2.5,34.4,0,0
Team Haliburton,16U,Origin Prewitt,7,26,10,0.385,13,5,19.20%,2.6,3,16,19,15.80%,21.10%,24.10%,21,1,10,11,9.10%,2,6,8,25.00%,0.42,4,2,2,50.00%,7.70%,0.21,0,0.00%,15.40%,2,7.70%,14,4,10,4,4,0.8,1,5,0.26,5,4,6,0.17,9.3,0,0
AAO Flight,16U,Truman Wheeler,6,26,15,0.577,7,4,15.40%,1.75,7,14,21,33.30%,33.30%,33.60%,22,7,9,16,43.80%,0,5,5,0.00%,0.24,3,1,2,33.30%,7.70%,0.14,1,3.80%,30.80%,2,7.70%,25,15,10,3,3,0.75,2,3,0.14,5,3,12,0.17,16.3,0,0
As Promised ,16U,Marvin Reed,4,26,15,0.577,10,6,23.10%,1.67,5,11,16,31.30%,31.30%,38.40%,20,5,8,13,38.50%,0,3,3,0.00%,0.19,8,5,3,62.50%,15.40%,0.5,0,0.00%,30.80%,1,3.80%,6,2,4,4,4,0.67,0,2,0.13,4,6,0,-,12.2,0,0
Rhode Island Elite,16U,Sire Hazard,5,26,21,0.808,8,6,23.10%,1.33,7,10,17,41.20%,47.10%,51.20%,21,5,6,11,45.50%,2,4,6,33.30%,0.35,8,5,3,62.50%,15.40%,0.47,1,3.80%,38.50%,3,11.50%,9,3,6,3,4,0.5,0,4,0.24,3,8,6,0,14.8,0,0
Cooz Elite,16U,Christopher Clay,7,25,24,0.96,4,0,0.00%,-,10,14,24,41.70%,43.80%,45.80%,26,9,4,13,69.20%,1,10,11,9.10%,0.46,5,3,2,60.00%,16.00%,0.21,3,12.00%,44.00%,4,16.00%,2,1,1,5,0,-,0,2,0.08,5,6,3,0,18,0,0
Jaylen Wells Elite,16U,Trey Pringle,5,24,13,0.542,19,9,37.50%,2.11,5,9,14,35.70%,39.30%,43.70%,15,4,3,7,57.10%,1,6,7,14.30%,0.5,2,2,0,100.00%,4.20%,0.14,0,0.00%,25.00%,1,4.20%,14,3,11,6,7,0.67,5,1,0.07,11,4,10,0.5,20.4,0,0
As Promised ,16U,Keron Booth,4,24,19,0.792,3,5,20.80%,0.6,7,11,18,38.90%,50.00%,50.30%,19,3,3,6,50.00%,4,8,12,33.30%,0.67,2,1,1,50.00%,4.20%,0.11,0,0.00%,33.30%,1,4.20%,4,1,3,5,3,1,0,1,0.06,5,3,4,0,10.9,0,0
Team Scoot,16U,J Maurice,2,24,13,0.542,2,4,16.70%,0.5,5,14,19,26.30%,28.90%,32.70%,20,4,10,14,28.60%,1,4,5,20.00%,0.26,2,2,0,100.00%,4.20%,0.11,0,0.00%,25.00%,1,4.20%,3,1,2,0,3,0,0,2,0.11,0,2,0,-,0.4,0,0
Louisiana Elite,16U,Jaden Davis,3,23,10,0.435,4,2,8.70%,2,5,12,17,29.40%,29.40%,24.40%,21,5,12,17,29.40%,0,0,0,-,0,8,0,8,0.00%,17.40%,0.47,0,0.00%,21.70%,4,17.40%,10,7,3,1,1,0.5,0,5,0.29,1,4,10,0,0.5,0,0
SA Future,16U,Larry Hoover III,6,23,21,0.913,2,5,21.70%,0.4,10,7,17,58.80%,58.80%,57.30%,18,10,7,17,58.80%,0,0,0,-,0,3,1,2,33.30%,8.70%,0.18,1,4.30%,47.80%,2,8.70%,25,12,13,6,2,1.2,1,1,0.06,7,3,4,0.25,26.1,0,0
MPJ Elite,16U,Paul Crawford,7,22,20,0.909,4,1,4.50%,4,7,11,18,38.90%,41.70%,47.40%,21,6,7,13,46.20%,1,4,5,20.00%,0.28,7,5,2,71.40%,18.20%,0.39,1,4.50%,45.50%,4,18.20%,12,0,12,0,1,0,3,2,0.11,3,4,3,1,15.7,0,0
Colorado Collective,16U,Trenton Bantock,4,22,20,0.909,1,6,27.30%,0.17,8,6,14,57.10%,57.10%,63.50%,16,8,5,13,61.50%,0,1,1,0.00%,0.07,4,4,0,100.00%,9.10%,0.29,0,0.00%,45.50%,0,0.00%,15,5,10,0,4,0,3,0,0,3,2,7,0.43,13.9,0,0
Team Haliburton,16U,Lazar Djilas,6,22,5,0.227,1,6,27.30%,0.17,2,13,15,13.30%,13.30%,15.70%,16,2,10,12,16.70%,0,3,3,0.00%,0.2,2,1,1,50.00%,4.50%,0.13,0,0.00%,13.60%,1,4.50%,16,10,6,1,4,0.17,0,4,0.27,1,5,6,0,-3,0,0
3D Empire,16U,Elijah Chambers,8,21,20,0.952,6,1,4.80%,6,7,11,18,38.90%,50.00%,50.60%,20,3,5,8,37.50%,4,6,10,40.00%,0.56,4,2,2,50.00%,9.50%,0.22,0,0.00%,42.90%,2,9.50%,6,2,4,6,0,6,0,0,0,6,2,11,0,16.8,0,0
Team Ish,16U,Austin Bradway,5,21,17,0.81,8,2,9.50%,4,6,9,15,40.00%,46.70%,47.00%,18,4,8,12,33.30%,2,1,3,66.70%,0.2,7,3,4,42.90%,19.00%,0.47,0,0.00%,42.90%,3,14.30%,20,9,11,4,1,2,3,3,0.2,7,8,13,0.23,21.4,0,0
Team Haliburton,16U,Nas Avery,4,21,5,0.238,6,2,9.50%,3,2,17,19,10.50%,13.20%,13.20%,19,1,7,8,12.50%,1,10,11,9.10%,0.58,0,0,0,-,0.00%,0,0,0.00%,9.50%,0,0.00%,13,5,8,4,2,2,1,1,0.05,5,0,6,0.17,2.9,0,0
Colorado Collective,16U,Cooper Ellwood,2,21,19,0.905,8,3,14.30%,2.67,6,8,14,42.90%,42.90%,54.20%,18,6,8,14,42.90%,0,0,0,-,0,8,7,1,87.50%,19.00%,0.57,0,0.00%,47.60%,4,19.00%,5,1,4,3,1,1,0,0,0,3,5,1,0,18.3,0,0
1of1,16U,Nixon Wright,3,21,22,1.048,4,4,19.00%,1,10,5,15,66.70%,66.70%,64.00%,17,10,3,13,76.90%,0,2,2,0.00%,0.13,5,2,3,40.00%,14.30%,0.33,1,4.80%,57.10%,3,14.30%,4,1,3,0,3,0,0,1,0.07,0,5,3,0,13.5,0,0
Team Museum,16U,Chiezikom Etolue,3,21,24,1.143,0,1,4.80%,0,7,8,15,46.70%,50.00%,59.20%,20,6,4,10,60.00%,1,4,5,20.00%,0.33,12,9,3,75.00%,28.60%,0.8,1,4.80%,57.10%,6,28.60%,10,7,3,0,1,0,0,2,0.13,0,6,1,0,19.5,0,0
Jaylen Wells Elite,16U,Travis Bays,5,20,17,0.85,4,1,5.00%,4,5,11,16,31.30%,43.80%,46.70%,18,1,3,4,25.00%,4,8,12,33.30%,0.75,5,3,2,60.00%,15.00%,0.31,0,0.00%,35.00%,2,10.00%,10,6,4,2,1,2,1,0,0,3,4,3,0.33,15.7,0,0
YGC,16U,Quincy Baker,4,20,17,0.85,6,6,30.00%,1,5,5,10,50.00%,55.00%,62.90%,14,4,3,7,57.10%,1,2,3,33.30%,0.3,8,6,2,75.00%,20.00%,0.8,0,0.00%,45.00%,4,20.00%,11,1,10,4,5,0.67,1,0,0,5,4,7,0.14,15,0,0
1of1,16U,Onur Kurucu,3,19,21,1.105,6,1,5.30%,6,7,9,16,43.80%,59.40%,56.30%,19,2,3,5,40.00%,5,6,11,45.50%,0.69,6,2,4,33.30%,15.80%,0.38,1,5.30%,47.40%,3,15.80%,8,0,8,5,1,5,1,0,0,6,4,3,0.33,21.1,0,0
Above the Rim,16U,Frido Carrillo,2,19,15,0.789,5,2,10.50%,2.5,7,9,16,43.80%,43.80%,43.30%,17,7,4,11,63.60%,0,5,5,0.00%,0.31,3,1,2,33.30%,10.50%,0.19,1,5.30%,42.10%,2,10.50%,7,3,4,2,1,1,1,0,0,3,2,1,1,12.9,0,0
Team Museum,16U,Jonathan Bell,3,19,23,1.211,1,2,10.50%,0.5,6,5,11,54.50%,68.20%,68.80%,17,3,2,5,60.00%,3,3,6,50.00%,0.55,13,8,5,61.50%,31.60%,1.18,0,0.00%,63.20%,4,21.10%,4,1,3,1,0,0.5,0,0,0,1,6,4,0,15.4,0,0
Above the Rim,16U,Tanay Samuel,6,19,13,0.684,1,4,21.10%,0.25,5,9,14,35.70%,42.90%,43.70%,15,3,3,6,50.00%,2,6,8,25.00%,0.57,2,1,1,50.00%,5.30%,0.14,0,0.00%,31.60%,1,5.30%,4,0,4,1,3,0.25,0,0,0,1,1,6,0,1.3,0,0
Team Scoot,16U,Much Gatdet,5,18,18,1,1,0,0.00%,-,8,8,16,50.00%,50.00%,50.70%,18,8,8,16,50.00%,0,0,0,-,0,4,2,2,50.00%,11.10%,0.25,0,0.00%,55.60%,1,5.60%,26,13,13,5,0,-,2,4,0.25,7,2,3,0.67,28.1,0,0
Colorado Collective,16U,Michael Price,2,18,11,0.611,5,5,27.80%,1,3,9,12,25.00%,33.30%,41.30%,13,1,3,4,25.00%,2,6,8,25.00%,0.67,3,3,0,100.00%,11.10%,0.25,1,5.60%,22.20%,2,11.10%,9,3,6,1,5,0.2,1,0,0,2,3,4,0.25,6.3,0,0
Cooz Elite,16U,Cameron Martin,8,17,8,0.471,5,3,17.60%,1.67,3,8,11,27.30%,27.30%,29.30%,14,3,8,11,27.30%,0,0,0,-,0,6,2,4,33.30%,17.60%,0.55,0,0.00%,23.50%,2,11.80%,14,3,11,9,3,3,3,2,0.18,12,5,4,0.75,15.3,0,0
Colorado Collective,16U,Blake Cook,4,17,20,1.176,3,2,11.80%,1.5,5,6,11,45.50%,59.10%,68.90%,15,2,5,7,28.60%,3,1,4,75.00%,0.36,8,7,1,87.50%,23.50%,0.73,0,0.00%,52.90%,3,17.60%,12,4,8,0,0,0,4,0,0,4,6,7,0.57,19.2,0,0
Team Ish,16U,Chanse Bost,8,17,8,0.471,9,6,35.30%,1.5,4,7,11,36.40%,36.40%,36.40%,11,4,3,7,57.10%,0,4,4,0.00%,0.36,0,0,0,-,0.00%,0,0,0.00%,23.50%,0,0.00%,14,4,10,0,2,0,0,0,0,0,2,12,0,3.2,0,0
1of1,16U,Seeger Medalie,3,17,12,0.706,2,2,11.80%,1,3,11,14,21.40%,32.10%,39.20%,15,0,3,3,0.00%,3,8,11,27.30%,0.79,3,3,0,100.00%,5.90%,0.21,0,0.00%,23.50%,1,5.90%,6,3,3,1,1,0.5,0,1,0.07,1,2,0,-,6.8,0,0
AAO Flight,16U,Kameron Hicks,4,17,12,0.706,3,5,29.40%,0.6,5,4,9,55.60%,55.60%,51.50%,12,5,1,6,83.30%,0,3,3,0.00%,0.33,6,2,4,33.30%,23.50%,0.67,1,5.90%,35.30%,2,11.80%,3,1,2,0,3,0,0,0,0,0,6,6,0,2.1,0,0
Colorado Collective,16U,Jonah Medina,2,16,6,0.375,5,5,31.30%,1,3,7,10,30.00%,30.00%,27.60%,11,3,6,9,33.30%,0,1,1,0.00%,0.1,2,0,2,0.00%,6.30%,0.2,0,0.00%,18.80%,1,6.30%,12,4,8,5,2,1,4,2,0.2,9,1,2,2,10.1,0,0
TME ,16U,James Carlton-Rivers,8,16,4,0.25,2,6,37.50%,0.33,0,8,8,0.00%,0.00%,20.50%,10,0,4,4,0.00%,0,4,4,0.00%,0.5,4,4,0,100.00%,12.50%,0.5,0,0.00%,12.50%,1,6.30%,15,5,10,6,5,1,2,2,0.25,8,2,5,0.4,5.7,0,0
Louisiana Elite,16U,Austin Turner,3,15,8,0.533,2,2,13.30%,1,2,8,10,20.00%,20.00%,30.60%,13,2,8,10,20.00%,0,0,0,-,0,7,4,3,57.10%,26.70%,0.7,1,6.70%,33.30%,4,26.70%,8,5,3,2,0,1,2,2,0.2,4,4,2,1,7,0,0
1Family,16U,Jajuan Johnson,4,15,5,0.333,2,2,13.30%,1,2,11,13,15.40%,19.20%,19.20%,13,1,5,6,16.70%,1,6,7,14.30%,0.54,0,0,0,-,0.00%,0,0,0.00%,13.30%,0,0.00%,11,0,11,1,1,0.5,0,1,0.08,1,1,4,0,-1.2,0,0
Cooz Elite,16U,Tristan Collins,6,15,6,0.4,0,5,33.30%,0,2,6,8,25.00%,25.00%,30.70%,10,2,3,5,40.00%,0,3,3,0.00%,0.38,4,2,2,50.00%,13.30%,0.5,0,0.00%,20.00%,2,13.30%,6,3,3,3,3,0.6,4,0,0,7,4,2,2,3.4,0,0
Team Haliburton,16U,Pavle Djilas,3,15,5,0.333,0,7,46.70%,0,2,4,6,33.30%,33.30%,32.20%,8,2,1,3,66.70%,0,3,3,0.00%,0.5,4,1,3,25.00%,13.30%,0.67,0,0.00%,20.00%,2,13.30%,10,1,9,1,1,0.14,0,0,0,1,3,5,0,-4.2,0,0
Team Ish,16U,J Minlend,1,14,23,1.643,5,1,7.10%,5,10,2,12,83.30%,87.50%,86.30%,13,9,1,10,90.00%,1,1,2,50.00%,0.17,3,2,1,66.70%,14.30%,0.25,1,7.10%,78.60%,2,14.30%,6,1,5,3,1,3,1,0,0,4,3,2,0.5,25.8,0,0
Sipp United,16U,Robert Luckett III,2,13,8,0.615,2,3,23.10%,0.67,3,6,9,33.30%,33.30%,40.50%,10,3,5,8,37.50%,0,1,1,0.00%,0.11,2,2,0,100.00%,7.70%,0.22,0,0.00%,30.80%,1,7.70%,0,0,0,2,3,0.67,1,1,0.11,3,1,1,1,3.6,0,0
Team Museum,16U,Jayden Betz,3,13,5,0.385,2,3,23.10%,0.67,1,6,7,14.30%,14.30%,25.90%,10,1,4,5,20.00%,0,2,2,0.00%,0.29,6,3,3,50.00%,23.10%,0.86,0,0.00%,23.10%,3,23.10%,2,0,2,2,1,0.67,0,1,0.14,2,4,3,0,-0.9,0,0
Sipp United,16U,Simeon Ballard,9,12,7,0.583,0,0,0.00%,-,3,6,9,33.30%,33.30%,30.10%,12,3,6,9,33.30%,0,0,0,-,0,6,1,5,16.70%,25.00%,0.67,0,0.00%,33.30%,3,25.00%,12,5,7,2,0,-,2,2,0.22,4,4,8,0.25,5.7,0,0
TME ,16U,Amauri Walton,5,12,8,0.667,0,2,16.70%,0,3,4,7,42.90%,42.90%,41.50%,10,3,4,7,42.90%,0,0,0,-,0,6,2,4,33.30%,25.00%,0.86,0,0.00%,41.70%,3,25.00%,20,8,12,4,0,2,4,2,0.29,8,4,5,0.8,14.7,0,0
Louisiana Elite,16U,Devin Lavalais,7,11,6,0.545,8,1,9.10%,8,3,7,10,30.00%,30.00%,30.00%,10,3,7,10,30.00%,0,0,0,-,0,0,0,0,-,0.00%,0,0,0.00%,27.30%,0,0.00%,23,7,16,5,1,5,0,0,0,5,2,11,0,15.1,0,0
Team Scoot,16U,Preston McVey,2,11,10,0.909,1,1,9.10%,1,4,5,9,44.40%,50.00%,50.60%,10,3,5,8,37.50%,1,0,1,100.00%,0.11,2,1,1,50.00%,9.10%,0.22,0,0.00%,45.50%,1,9.10%,5,2,3,0,0,0,0,0,0,0,3,5,0,4.9,0,0
Team Haliburton,16U,K Wesley,2,11,11,1,2,3,27.30%,0.67,3,3,6,50.00%,58.30%,70.90%,8,2,1,3,66.70%,1,2,3,33.30%,0.5,4,4,0,100.00%,18.20%,0.67,0,0.00%,45.50%,1,9.10%,7,1,6,4,2,1.33,0,0,0,4,5,6,0,10.5,0,0
Cooz Elite,16U,C Goodman,3,11,6,0.545,1,2,18.20%,0.5,2,6,8,25.00%,31.30%,33.80%,9,1,4,5,20.00%,1,2,3,33.30%,0.38,2,1,1,50.00%,9.10%,0.25,0,0.00%,27.30%,1,9.10%,7,3,4,0,1,0,2,2,0.25,2,1,5,0.4,2.2,0,0
Southern Ties,16U,L Xzavier,1,11,6,0.545,2,4,36.40%,0.5,2,4,6,33.30%,41.70%,43.60%,7,1,3,4,25.00%,1,1,2,50.00%,0.33,2,1,1,50.00%,9.10%,0.33,0,0.00%,27.30%,1,9.10%,3,0,3,2,2,0.5,1,2,0.33,3,1,5,0.2,1.2,0,0
Team Museum,16U,L Duncan,2,11,5,0.455,1,5,45.50%,0.2,2,3,5,40.00%,40.00%,42.50%,6,2,1,3,66.70%,0,2,2,0.00%,0.4,2,1,1,50.00%,9.10%,0.4,0,0.00%,27.30%,1,9.10%,7,1,6,0,1,0,0,1,0.2,0,2,9,0,-3.5,0,0
Team CPSA,16U,Jeremias Killebrew,3,8,8,1,2,0,0.00%,-,3,4,7,42.90%,57.10%,53.80%,7,1,0,1,100.00%,2,4,6,33.30%,0.86,1,0,1,0.00%,12.50%,0.14,0,0.00%,37.50%,0,0.00%,3,0,3,0,0,-,1,0,0,1,3,2,0.5,6.1,0,0
Cooz Elite,16U,Noah Musngi,5,8,6,0.75,1,0,0.00%,-,2,6,8,25.00%,37.50%,37.50%,8,0,0,0,-,2,6,8,25.00%,1,0,0,0,-,0.00%,0,0,0.00%,25.00%,0,0.00%,2,1,1,0,0,-,0,0,0,0,0,0,-,2.9,0,0
Louisiana Elite,16U,Chase Hardin,3,8,6,0.75,1,1,12.50%,1,3,4,7,42.90%,42.90%,42.90%,7,3,4,7,42.90%,0,0,0,-,0,0,0,0,-,0.00%,0,0,0.00%,37.50%,0,0.00%,5,4,1,0,0,0,1,0,0,1,0,3,0.33,4.6,0,0
Team Museum,16U,Nicholas Wild,3,8,8,1,0,2,25.00%,0,3,3,6,50.00%,58.30%,62.10%,6,2,2,4,50.00%,1,1,2,50.00%,0.33,1,1,0,100.00%,12.50%,0.17,1,12.50%,37.50%,1,12.50%,12,5,7,1,1,0.5,2,1,0.17,3,1,8,0.25,7.8,0,0
1of1,16U,Knox Ferry,1,7,7,1,2,0,0.00%,-,2,3,5,40.00%,40.00%,51.80%,7,2,3,5,40.00%,0,0,0,-,0,4,3,1,75.00%,28.60%,0.8,0,0.00%,57.10%,2,28.60%,5,2,3,1,0,-,0,1,0.2,1,2,1,0,8.2,0,0
Louisiana Elite,16U,Anthony Dennis,1,7,2,0.286,0,1,14.30%,0,1,5,6,16.70%,16.70%,16.70%,6,1,2,3,33.30%,0,3,3,0.00%,0.5,0,0,0,-,0.00%,0,0,0.00%,14.30%,0,0.00%,3,2,1,1,1,1,0,0,0,1,0,2,0,-0.9,0,0
Nebraska Supreme,16U,Evan Rodgers,2,6,7,1.167,3,1,16.70%,3,3,2,5,60.00%,70.00%,70.00%,5,2,1,3,66.70%,1,1,2,50.00%,0.4,0,0,0,-,0.00%,0,0,0.00%,50.00%,0,0.00%,5,0,5,1,0,1,0,0,0,1,0,0,-,8.3,0,0
1Family,16U,D Campbell,1,6,6,1,3,3,50.00%,1,2,1,3,66.70%,100.00%,100.00%,3,0,1,1,0.00%,2,0,2,100.00%,0.67,0,0,0,-,0.00%,0,0,0.00%,33.30%,0,0.00%,4,1,3,0,3,0,0,0,0,0,1,2,0,4.6,0,0
Team Ish,16U,Romain Boyer,3,6,3,0.5,1,2,33.30%,0.5,1,1,2,50.00%,75.00%,45.20%,3,0,0,0,-,1,1,2,50.00%,1,3,0,3,0.00%,33.30%,1.5,0,0.00%,16.70%,1,16.70%,4,0,4,1,2,0.5,0,0,0,1,2,1,0,1.3,0,0
Team Museum,16U,MyKel Smith,2,5,2,0.4,3,0,0.00%,-,1,3,4,25.00%,25.00%,22.50%,4,1,2,3,33.30%,0,1,1,0.00%,0.25,1,0,1,0.00%,20.00%,0.25,0,0.00%,20.00%,0,0.00%,3,2,1,1,0,-,0,0,0,1,1,0,-,4,0,0
Colorado Collective,16U,John Boswell,1,5,4,0.8,0,1,20.00%,0,0,2,2,0.00%,0.00%,53.20%,4,0,1,1,0.00%,0,1,1,0.00%,0.5,4,4,0,100.00%,40.00%,2,0,0.00%,40.00%,1,20.00%,1,1,0,0,1,0,0,0,0,0,2,3,0,1.1,0,0
Team Haliburton,16U,Nikola Djilas,2,4,2,0.5,0,0,0.00%,-,1,3,4,25.00%,25.00%,25.00%,4,1,1,2,50.00%,0,2,2,0.00%,0.5,0,0,0,-,0.00%,0,0,0.00%,25.00%,0,0.00%,2,2,0,0,0,-,0,0,0,0,0,1,0,0.6,0,0
Team Museum,16U,Lucas Spencer,3,4,6,1.5,0,0,0.00%,-,3,1,4,75.00%,75.00%,75.00%,4,3,1,4,75.00%,0,0,0,-,0,0,0,0,-,0.00%,0,0,0.00%,75.00%,0,0.00%,8,4,4,0,0,-,0,0,0,0,1,7,0,5.6,0,0
Team Museum,16U,Jeremiah Stanford,1,4,3,0.75,0,0,0.00%,-,1,2,3,33.30%,33.30%,38.70%,4,1,1,2,50.00%,0,1,1,0.00%,0.33,2,1,1,50.00%,25.00%,0.67,0,0.00%,50.00%,1,25.00%,3,1,2,0,0,-,0,0,0,0,1,3,0,1,0,0
4:44 Athletics,16U,Daniel Collins,4,4,0,0,2,1,25.00%,2,0,3,3,0.00%,0.00%,0.00%,3,0,2,2,0.00%,0,1,1,0.00%,0.33,0,0,0,-,0.00%,0,0,0.00%,0.00%,0,0.00%,0,0,0,0,0,0,0,0,0,0,1,0,-,-1.7,0,0
Rhode Island Elite,16U,Jayden Fernandez,4,4,2,0.5,1,1,25.00%,1,1,1,2,50.00%,50.00%,41.00%,2,1,1,2,50.00%,0,0,0,-,0,1,0,1,0.00%,25.00%,0.5,0,0.00%,25.00%,0,0.00%,6,3,3,1,1,1,0,0,0,1,2,2,0,3.5,0,0
Team Scoot,16U,B Alexander,1,3,4,1.333,1,0,0.00%,-,2,1,3,66.70%,66.70%,66.70%,3,2,0,2,100.00%,0,1,1,0.00%,0.33,0,0,0,-,0.00%,0,0,0.00%,66.70%,0,0.00%,1,0,1,1,0,-,1,0,0,2,0,0,-,5.4,0,0
MPJ Elite,16U,Roman Smith,5,3,0,0,0,1,33.30%,0,0,1,1,0.00%,0.00%,0.00%,2,0,0,0,-,0,1,1,0.00%,1,2,0,2,0.00%,33.30%,2,0,0.00%,0.00%,1,33.30%,3,0,3,0,0,0,1,0,0,1,1,7,0.14,-3.7,0,0
Cooz Elite,16U,Jeremiah Levi,2,3,2,0.667,0,1,33.30%,0,1,1,2,50.00%,50.00%,50.00%,2,1,0,1,100.00%,0,1,1,0.00%,0.5,0,0,0,-,0.00%,0,0,0.00%,33.30%,0,0.00%,4,0,4,0,0,0,0,0,0,0,0,3,0,0,0,0
Sipp United,16U,Natan Malinowski,1,1,2,2,1,0,0.00%,-,1,0,1,100.00%,100.00%,100.00%,1,1,0,1,100.00%,0,0,0,-,0,0,0,0,-,0.00%,0,0,0.00%,100.00%,0,0.00%,3,0,3,0,0,-,0,0,0,0,2,2,0,2.5,0,0
Rhode Island Elite,16U,Zion Green,1,1,0,0,0,1,100.00%,0,0,0,0,-,-,-,0,0,0,0,-,0,0,0,-,-,0,0,0,-,0.00%,-,0,0.00%,0.00%,0,0.00%,0,0,0,0,0,0,0,0,-,0,0,0,-,-1,0,0
Sipp United,16U,Marcus Peoples,3,1,0,0,0,1,100.00%,0,0,0,0,-,-,-,0,0,0,0,-,0,0,0,-,-,0,0,0,-,0.00%,-,0,0.00%,0.00%,0,0.00%,1,0,1,0,0,0,0,0,-,0,0,3,0,-1.9,0,0
Southern Ties,16U,Jordan Wise Jr,1,0,0,-,1,0,-,-,0,0,0,-,-,-,0,0,0,0,-,0,0,0,-,-,0,0,0,-,-,-,0,-,-,0,-,4,2,2,2,0,-,1,0,-,3,0,0,-,5.4,0,0
Sipp United,16U,Joseph Chaney,1,0,0,-,0,0,-,-,0,0,0,-,-,-,0,0,0,0,-,0,0,0,-,-,0,0,0,-,-,-,0,-,-,0,-,0,0,0,1,0,-,0,0,-,1,0,0,-,1,0,0
Team CPSA,16U,Julian Cunningham,1,0,0,-,0,0,-,-,0,0,0,-,-,-,0,0,0,0,-,0,0,0,-,-,0,0,0,-,-,-,0,-,-,0,-,1,0,1,0,0,-,0,0,-,0,0,0,-,0.3,0,0
TME ,16U,Henry Robinson Jr,1,0,0,-,1,0,-,-,0,0,0,-,-,-,0,0,0,0,-,0,0,0,-,-,0,0,0,-,-,-,0,-,-,0,-,0,0,0,0,0,-,0,0,-,0,0,0,-,0.7,0,0